season,week,home_team,away_team,gameday,model_spread,model_total,model_home_win_prob,sharp_spread,sharp_total,sharp_home_win_prob,vegas_home_favored_by,vegas_total,vegas_home_win_prob,actual_margin,actual_total,model_correct_pick,model_spread_error,model_total_error,model_brier,sharp_correct_pick,sharp_spread_error,sharp_total_error,sharp_brier,vegas_correct_pick,vegas_spread_error,vegas_total_error,vegas_brier
2024,1,KC,BAL,2024-09-05,1.2288493775788347,44.26401497035371,0.5365963916478953,3.0,45.65280299407075,0.5649669867779501,3.0,46.0,0.5720596355604638,7.0,47.0,1.0,5.771150622421166,2.7359850296462866,0.21474290423375084,1.0,4.0,1.347197005929253,0.18925372259305626,1.0,4.0,1.0,0.18313295551664305
2024,1,PHI,GB,2024-09-06,-6.438581587291817,50.615453909031295,0.3151459935349432,2.0,49.72309078180626,0.4972240297209052,2.0,49.5,0.5427435387673957,5.0,63.0,0.0,11.438581587291818,12.384546090968705,0.46902501017124004,1.0,3.0,13.276909218193737,0.25278367629008525,1.0,3.0,13.5,0.20908347133896418
2024,1,ATL,PIT,2024-09-08,0.5662970172232411,42.773795329643946,0.5168835845296922,4.0,42.95475906592879,0.6081289919312165,4.0,43.0,0.6309403437815976,-8.0,28.0,0.0,8.566297017223242,14.773795329643946,0.26716863995626344,0.0,12.0,14.95475906592879,0.3698208708272776,0.0,12.0,15.0,0.39808571741124055
2024,1,BUF,ARI,2024-09-08,10.644561297969837,48.85275934916312,0.7869066015260012,6.5,46.57055186983263,0.7379833269941635,6.5,46.0,0.725752508361204,6.0,62.0,1.0,4.644561297969837,13.147240650836878,0.045408796473198426,1.0,0.5,15.429448130167373,0.06865273693304746,1.0,0.5,16.0,0.0752116866701715
2024,1,CHI,TEN,2024-09-08,4.941244290243138,43.47224715716639,0.644078689041743,4.0,43.094449431433276,0.6383390831636465,4.0,43.0,0.6369041816941223,7.0,41.0,1.0,2.058755709756862,2.472247157166393,0.12667997959424426,1.0,3.0,2.0944494314332758,0.1307986187669118,1.0,3.0,2.0,0.13183857327121493
2024,1,CIN,NE,2024-09-08,6.52794779048965,41.07689561955733,0.6872238338004334,8.0,40.61537912391147,0.7431955654821314,8.0,40.5,0.7571884984025559,-6.0,26.0,0.0,12.52794779048965,15.076895619557327,0.4722765977433657,0.0,14.0,14.615379123911467,0.552339648552305,0.0,14.0,14.5,0.5733344221131174
2024,1,IND,HOU,2024-09-08,0.250157991310312,44.0944933713802,0.5074600056088764,-3.0,48.018898674276045,0.4350978882844899,-3.0,49.0,0.4170073589533933,-2.0,56.0,0.0,2.250157991310312,11.905506628619797,0.2575156572925609,1.0,1.0,7.981101325723955,0.18931017238962247,1.0,1.0,7.0,0.1738951374212842
2024,1,MIA,JAX,2024-09-08,2.1087887421599314,44.70092990448232,0.5626307125263286,3.5,48.54018598089647,0.6056768274367725,3.5,49.5,0.6164383561643836,3.0,37.0,1.0,0.8912112578400686,7.700929904482322,0.19129189362522703,1.0,0.5,11.540185980896467,0.15549076442032886,1.0,0.5,12.5,0.14711953462188027
2024,1,NO,CAR,2024-09-08,12.560597876823625,41.349985634600586,0.8261261574569518,3.5,41.46999712692012,0.6699775065166684,3.5,41.5,0.6309403437815976,37.0,57.0,1.0,24.439402123176375,15.650014365399414,0.030232113120684707,1.0,33.5,15.53000287307988,0.10891484620495563,1.0,33.5,15.5,0.1362050298480454
2024,1,NYG,MIN,2024-09-08,1.4961017388072566,43.03982324567556,0.5445252717126278,-1.0,42.60796464913511,0.5002376653934465,-1.0,42.5,0.4891657638136511,-22.0,34.0,0.0,23.496101738807255,9.039823245675557,0.2965077715337111,1.0,21.0,8.607964649135113,0.25023772187828575,1.0,21.0,8.5,0.2392831444873927
2024,1,LAC,LV,2024-09-08,-2.467469953829352,41.3497797036445,0.4268280198108102,3.0,41.0699559407289,0.5517597167994474,3.0,41.0,0.5829926410466066,12.0,32.0,0.0,14.467469953829351,9.3497797036445,0.32852611887399696,1.0,9.0,9.069955940728903,0.20091935148371165,1.0,9.0,9.0,0.17389513742128426
2024,1,SEA,DEN,2024-09-08,2.133827574563858,47.05122685413333,0.5633681131111605,6.5,43.01024537082667,0.6767001540307378,6.5,42.0,0.705033164260632,6.0,46.0,1.0,3.866172425436142,1.0512268541333327,0.1906474046481083,1.0,0.5,2.9897546291733335,0.10452279040374866,1.0,0.5,4.0,0.0870054341860953
2024,1,CLE,DAL,2024-09-08,-5.0688310251421616,43.89723909788972,0.352373537256902,2.5,42.37944781957795,0.5046695384652969,2.5,42.0,0.5427435387673957,-16.0,50.0,1.0,10.931168974857838,6.102760902110283,0.12416710975894131,0.0,18.5,7.620552180422052,0.2546913430547758,0.0,18.5,8.0,0.29457054887375556
2024,1,TB,WAS,2024-09-08,12.160344148017623,45.53472375097846,0.8183370915233936,4.0,42.706944750195696,0.6731907636599765,4.0,42.0,0.6369041816941223,17.0,57.0,1.0,4.839655851982377,11.465276249021542,0.03300141231617987,1.0,13.0,14.293055249804304,0.10680427695714931,1.0,13.0,15.0,0.13183857327121493
2024,1,DET,LA,2024-09-08,1.9921658070289463,50.97270004975507,0.5591933078395716,5.0,53.394540009951015,0.6427571609210838,5.0,54.0,0.6636481241914618,6.0,46.0,1.0,4.007834192971053,4.972700049755069,0.19431053985341873,1.0,1.0,7.394540009951015,0.1276224460731644,1.0,1.0,8.0,0.11313258435992231
2024,1,SF,NYJ,2024-09-09,11.38039545241891,41.040811047186324,0.8025433839900802,3.5,42.60816220943727,0.653659361729523,3.5,43.0,0.6164383561643836,13.0,51.0,1.0,1.6196045475810905,9.959188952813676,0.03898911520608892,1.0,9.5,8.391837790562732,0.1199518377176014,1.0,9.5,8.0,0.14711953462188027
2024,2,MIA,BUF,2024-09-12,-2.2815838965416235,47.38567867324093,0.4322849881094914,2.5,48.27713573464819,0.5276098893951375,2.5,48.5,0.551441114716549,-21.0,41.0,1.0,18.718416103458377,6.385678673240932,0.18687031094482312,0.0,23.5,7.277135734648191,0.27837219538754926,0.0,23.5,7.5,0.30408730299983017
2024,2,BAL,LV,2024-09-15,6.481631808702337,43.11000021730879,0.6859965769319929,9.0,41.422000043461765,0.766594128066514,9.0,41.0,0.7867435158501441,-3.0,49.0,0.0,9.481631808702337,5.889999782691213,0.47059130356241163,0.0,12.0,7.577999956538235,0.5876665571860588,0.0,12.0,8.0,0.618965359732246
2024,2,CAR,LAC,2024-09-15,-4.773576960407733,39.402981536379244,0.36060259046687293,-5.0,39.080596307275854,0.3412020187402051,-5.0,39.0,0.33635187580853815,-23.0,29.0,1.0,18.226423039592266,10.402981536379244,0.13003422825141928,1.0,18.0,10.080596307275854,0.11641881759239128,1.0,18.0,10.0,0.11313258435992227
2024,2,DAL,NO,2024-09-15,-0.2582354145703232,44.590856688441775,0.49229914557889254,6.5,46.51817133768836,0.6693008133243721,6.5,47.0,0.7135512302607419,-25.0,63.0,1.0,24.741764585429678,18.409143311558225,0.24235844873770762,0.0,31.5,16.481828662311642,0.447963578716666,0.0,31.5,16.0,0.5091553582066183
2024,2,DET,TB,2024-09-15,1.2220409773607896,49.894466317779084,0.5363941955136388,7.5,51.17889326355582,0.7130296378247725,7.5,51.5,0.7571884984025559,-4.0,36.0,0.0,5.222040977360789,13.894466317779084,0.2877187329807237,0.0,11.5,15.178893263555821,0.5084112644165262,0.0,11.5,15.5,0.5733344221131174
2024,2,GB,IND,2024-09-15,9.031134252327275,49.522346971582095,0.7502008996582217,-3.0,43.104469394316425,0.4992465291379935,-3.0,41.5,0.43650793650793646,6.0,26.0,1.0,3.0311342523272753,23.522346971582095,0.062399590531561834,0.0,9.0,17.104469394316425,0.2507540385803464,0.0,9.0,15.5,0.3175233056185437
2024,2,JAX,CLE,2024-09-15,3.9979479925314125,40.294422066032205,0.6174790252421167,3.0,41.258884413206445,0.6065013818021656,3.0,41.5,0.6037569709421778,-5.0,31.0,0.0,8.997947992531412,9.294422066032205,0.38128034661395466,0.0,8.0,10.258884413206445,0.36784392612793626,0.0,8.0,10.5,0.3645224799612738
2024,2,MIN,SF,2024-09-15,-4.573165799944381,46.853125326301154,0.3662255560835147,-4.5,46.57062506526023,0.3472649302602187,-4.5,46.5,0.34252477380439467,6.0,40.0,0.0,10.57316579994438,6.853125326301154,0.40167004576165016,0.0,10.5,6.570625065260231,0.4260630712681972,0.0,10.5,6.5,0.4322736730609625
2024,2,NE,SEA,2024-09-15,-1.1338911263953741,42.20165339379527,0.46622451234530804,-3.5,39.64033067875906,0.4102393257153193,-3.5,39.0,0.3962430290578221,-3.0,43.0,1.0,1.8661088736046259,0.7983466062047313,0.2173652959116203,1.0,0.5,3.3596693212409434,0.16829630436335982,1.0,0.5,4.0,0.15700853807691806
2024,2,TEN,NYJ,2024-09-15,2.372908762546409,38.17723332473438,0.5703976740642306,-3.5,40.83544666494688,0.4209288498813393,-3.5,41.5,0.3835616438356164,-7.0,41.0,0.0,9.372908762546409,2.822766675265619,0.32535350657788425,1.0,3.5,0.16455333505312097,0.17718109666242704,1.0,3.5,0.5,0.14711953462188027
2024,2,WAS,NYG,2024-09-15,-0.8139518944550959,44.2441796358832,0.47574055255813524,1.5,42.84883592717664,0.5211221364856531,1.5,42.5,0.5324675324675325,3.0,39.0,0.0,3.813951894455096,5.244179635883199,0.2748479682320493,1.0,1.5,3.848835927176637,0.22932400816406548,1.0,1.5,3.5,0.21858660819699774
2024,2,ARI,LA,2024-09-15,-2.943401989951213,50.24016309926638,0.4129223761906824,-1.0,48.048032619853274,0.47912067198216146,-1.0,47.5,0.4956702459300312,31.0,51.0,0.0,33.94340198995121,0.7598369007336174,0.34466013637759463,0.0,32.0,2.9519673801467263,0.27131527435631503,0.0,32.0,3.5,0.2543485008402752
2024,2,DEN,PIT,2024-09-15,-2.093460124191189,41.69689423827392,0.4378208270926477,-3.0,37.53937884765479,0.4211700525812442,-3.0,36.5,0.4170073589533933,-7.0,19.0,1.0,4.906539875808811,22.69689423827392,0.1916870766360901,1.0,4.0,18.53937884765479,0.177384213191288,1.0,4.0,17.5,0.1738951374212842
2024,2,KC,CIN,2024-09-15,7.498321690727924,45.977743402945364,0.7124433085493965,6.5,47.19554868058907,0.7133296459184728,6.5,47.5,0.7135512302607419,1.0,51.0,1.0,6.498321690727924,5.022256597054636,0.08268885079801756,1.0,5.5,3.80445131941093,0.08217989190922817,1.0,5.5,3.5,0.08205289768513453
2024,2,HOU,CHI,2024-09-15,2.3698963022780823,42.31165798861918,0.5703092343522705,6.0,44.86233159772384,0.6666961533137086,6.0,45.5,0.690792883054068,6.0,32.0,1.0,3.6301036977219177,10.311657988619181,0.18463415408293196,1.0,0.0,12.862331597723838,0.11109145421587886,1.0,0.0,13.5,0.09560904117001523
2024,2,PHI,ATL,2024-09-16,1.8962360526704152,44.988977918561694,0.5563624658130584,5.5,46.19779558371234,0.6678884548212907,5.5,46.5,0.6957699520733487,-1.0,43.0,0.0,2.896236052670415,1.9889779185616945,0.30953919336558655,0.0,6.5,3.1977955837123417,0.4460749880835712,0.0,6.5,3.5,0.48409582620814995
2024,3,NYJ,NE,2024-09-19,3.0503964355104234,37.02042070221276,0.5901894219694602,6.5,38.60408414044255,0.6856727391656763,6.5,39.0,0.7095435684647302,21.0,27.0,1.0,17.94960356448958,10.02042070221276,0.16794470986572513,1.0,14.5,11.604084140442552,0.09880162690360898,1.0,14.5,12.0,0.08436493862020286
2024,3,CLE,NYG,2024-09-22,2.9912135526909935,41.0145715611866,0.5884688513718531,6.5,38.602914312237324,0.6778234299178066,6.5,38.0,0.7001620745542949,-6.0,36.0,0.0,8.991213552690994,5.0145715611865995,0.34629558903490815,0.0,12.5,2.602914312237324,0.4594446021455397,0.0,12.5,2.0,0.49022693064417405
2024,3,IND,CHI,2024-09-22,1.3611435497107276,42.598063808028144,0.5405233293509538,1.5,42.91961276160563,0.5340786918442169,1.5,43.0,0.5324675324675325,5.0,37.0,1.0,3.638856450289272,5.598063808028144,0.21111881087073206,1.0,3.5,5.919612761605627,0.21708266539359625,1.0,3.5,6.0,0.21858660819699774
2024,3,MIN,HOU,2024-09-22,0.9896650899783986,42.82399737665422,0.5294877953295254,-2.0,45.36479947533085,0.4647446672926659,-2.0,46.0,0.448558885283451,27.0,41.0,1.0,26.0103349100216,1.8239973766542192,0.2213817347438706,0.0,29.0,4.364799475330848,0.286498271191639,0.0,29.0,5.0,0.30408730299983017
2024,3,NO,PHI,2024-09-22,12.733569640887215,47.47742800863532,0.8294255168333736,2.5,48.69548560172707,0.6166787541603256,2.5,49.0,0.5634920634920635,-3.0,27.0,0.0,15.733569640887215,20.47742800863532,0.6879466879743089,0.0,5.5,21.69548560172707,0.3802926858327313,0.0,5.5,22.0,0.3175233056185437
2024,3,PIT,LAC,2024-09-22,2.4293164266419742,39.70171788556459,0.5720530313119927,3.0,36.74034357711292,0.5720583147107696,3.0,36.0,0.5720596355604638,10.0,30.0,1.0,7.570683573358026,9.701717885564591,0.1831386080092543,1.0,7.0,6.740343577112917,0.1831340860081867,1.0,7.0,6.0,0.18313295551664305
2024,3,TB,DEN,2024-09-22,6.664354569175733,43.516026097609185,0.6908261916055068,6.0,41.10320521952184,0.6826096827655459,6.0,40.5,0.6805555555555556,-19.0,33.0,0.0,25.66435456917573,10.516026097609185,0.47724082700816844,0.0,25.0,8.10320521952184,0.4659559790052792,0.0,25.0,7.5,0.4631558641975309
2024,3,TEN,GB,2024-09-22,-6.491641941724246,46.58507533655978,0.31373800481732095,3.0,38.91701506731196,0.5374434042910033,3.0,37.0,0.593369754159424,-16.0,44.0,1.0,9.508358058275753,2.5850753365597825,0.0984315356667533,0.0,19.0,5.082984932688042,0.28884541281590287,0.0,19.0,7.0,0.3520876651512152
2024,3,LV,CAR,2024-09-22,11.249059868494161,39.35550582619617,0.7998044727803488,5.5,39.87110116523924,0.7044053390005143,5.5,40.0,0.6805555555555556,-14.0,58.0,0.0,25.24905986849416,18.644494173803828,0.6396871946794518,0.0,19.5,18.12889883476076,0.4961868816124294,0.0,19.5,18.0,0.4631558641975309
2024,3,SEA,MIA,2024-09-22,2.501313250156053,46.896834415452865,0.5741640283515069,4.0,42.57936688309058,0.6306161487104878,4.0,41.5,0.644729178800233,21.0,27.0,1.0,18.498686749843948,19.896834415452865,0.1813362747498162,1.0,17.0,15.579366883090579,0.1364444295934725,1.0,17.0,14.5,0.12621735639595685
2024,3,ARI,DET,2024-09-22,0.05474489657805748,50.17709756671266,0.5016326478197047,-3.0,51.235419513342535,0.4426788211155699,-3.0,51.5,0.42794036443953615,-7.0,33.0,0.0,7.0547448965780575,17.17709756671266,0.25163531335860795,1.0,4.0,18.235419513342535,0.19596453866427072,1.0,4.0,18.5,0.18313295551664302
2024,3,DAL,BAL,2024-09-22,-0.41376566850079155,46.72593878164844,0.4876622691341362,-1.5,47.345187756329686,0.48014114947900116,-1.5,47.5,0.4782608695652174,-3.0,53.0,1.0,2.5862343314992087,6.274061218351562,0.23781448873705469,1.0,1.5,5.654812243670314,0.23053552342301653,1.0,1.5,5.5,0.2287334593572779
2024,3,LA,SF,2024-09-22,-4.142982009813623,49.22818144324364,0.3783913348578539,-6.0,45.44563628864873,0.32304396052831635,-6.0,44.5,0.30920711694593195,3.0,51.0,0.0,7.142982009813623,1.771818556756358,0.3863973325798007,0.0,9.0,5.554363711351272,0.45826947937718765,0.0,9.0,6.5,0.47719480727815133
2024,3,ATL,KC,2024-09-22,-2.4976439357934117,44.17644490926479,0.42594350765091904,-3.0,45.635288981852966,0.4021831247764415,-3.0,46.0,0.3962430290578221,-5.0,39.0,1.0,2.5023560642065883,5.176444909264788,0.18142787170996852,1.0,2.0,6.635288981852966,0.16175126585494273,1.0,2.0,7.0,0.15700853807691806
2024,3,BUF,JAX,2024-09-23,9.82138311895358,46.05461551183803,0.7685856934389343,4.0,46.41092310236761,0.6796973196442713,4.0,46.5,0.6574752261956054,37.0,57.0,1.0,27.17861688104642,10.94538448816197,0.05355258128113887,1.0,33.0,10.589076897632388,0.10259380704306413,1.0,33.0,10.5,0.11732322066975169
2024,3,CIN,WAS,2024-09-23,7.199455421809118,47.06192343356426,0.7047787875101856,7.5,46.21238468671286,0.7391819215818598,7.5,46.0,0.7477827050997783,-5.0,71.0,0.0,12.199455421809118,23.93807656643574,0.49671313932432737,0.0,12.5,24.78761531328714,0.5463899131934508,0.0,12.5,25.0,0.559178974046342
2024,4,NYG,DAL,2024-09-26,-0.1634958047210635,45.98196414315111,0.49512419996531504,-5.5,45.19639282863022,0.3507102332514899,-5.5,45.0,0.31460674157303364,-5.0,35.0,1.0,4.836504195278937,10.98196414315111,0.24514797339129327,1.0,0.5,10.196392828630223,0.12299766770731446,1.0,0.5,10.0,0.09897740184320157
2024,4,ATL,NO,2024-09-29,-7.608880415743687,43.320868658716904,0.2847454082624169,2.5,41.864173731743385,0.5077427324461342,2.5,41.5,0.5634920634920635,2.0,50.0,0.0,9.608880415743688,6.679131341283096,0.5115891310016967,1.0,0.5,8.135826268256615,0.2423172174595982,1.0,0.5,8.5,0.19053917863441674
2024,4,CAR,CIN,2024-09-29,-5.015597427751742,45.24026041028195,0.35385225099741435,-4.5,46.648052082056395,0.3549871071592965,-4.5,47.0,0.35527082119976705,-10.0,58.0,1.0,4.984402572248258,12.759739589718052,0.12521141553593712,1.0,5.5,11.351947917943605,0.12601584624932585,1.0,5.5,11.0,0.12621735639595685
2024,4,CHI,LA,2024-09-29,3.059283209077117,44.459759920466205,0.590447630089423,3.0,40.89195198409324,0.5927853293454238,3.0,40.0,0.593369754159424,6.0,42.0,1.0,2.940716790922883,2.4597599204662046,0.16773314369937006,1.0,3.0,1.1080480159067605,0.16582378799631495,1.0,3.0,2.0,0.1653481568323673
2024,4,GB,MIN,2024-09-29,7.45589907338644,46.1214764983533,0.7113611150897878,2.5,44.42429529967066,0.5834251147911969,2.5,44.0,0.551441114716549,-2.0,60.0,0.0,9.45589907338644,13.878523501646697,0.5060346360617863,0.0,4.5,15.57570470032934,0.3403848645691212,0.0,4.5,16.0,0.30408730299983017
2024,4,HOU,JAX,2024-09-29,5.901433174666489,43.53804193999516,0.6704519248073747,5.5,44.30760838799903,0.67411538255786,5.5,44.5,0.6750312469954812,4.0,44.0,1.0,1.9014331746664892,0.4619580600048394,0.10860193386316422,1.0,1.5,0.3076083879990321,0.10620078388540996,1.0,1.5,0.5,0.10560469042931193
2024,4,IND,PIT,2024-09-29,-2.3499861987245128,42.71588734797479,0.43027537435108854,-2.5,40.54317746959496,0.4518602438563012,-2.5,40.0,0.4572564612326044,3.0,51.0,0.0,5.349986198724513,8.284112652025208,0.3245861490707923,0.0,5.5,10.456822530405042,0.3004571922652736,0.0,5.5,11.0,0.2945705488737554
2024,4,NYJ,DEN,2024-09-29,4.197638178312274,38.301564194859345,0.6231613549106286,7.5,39.26031283897187,0.7460987959555583,7.5,39.5,0.7768331562167907,-1.0,19.0,0.0,5.197638178312274,19.301564194859345,0.3883300742540505,0.0,8.5,20.26031283897187,0.5566634133263337,0.0,8.5,20.5,0.6034697525977408
2024,4,TB,PHI,2024-09-29,1.3004453035649841,47.11748473823171,0.5387220678760498,-1.0,43.02349694764634,0.4990770246261309,-1.0,42.0,0.4891657638136511,17.0,49.0,1.0,15.699554696435015,1.8825152617682903,0.2127773306645476,0.0,18.0,5.976503052353657,0.25092382725740986,0.0,18.0,7.0,0.26095161686009055
2024,4,ARI,WAS,2024-09-29,4.957059932042166,50.60626743488137,0.6445191563260555,3.5,49.321253486976275,0.6220545161967179,3.5,49.0,0.6164383561643836,-28.0,56.0,0.0,32.95705993204216,5.393732565118633,0.41540494287125035,0.0,31.5,6.678746513023725,0.3869518211207328,0.0,31.5,7.0,0.37999624695064743
2024,4,SF,NE,2024-09-29,12.333615099462518,44.24658719994635,0.8217354295205896,10.5,42.049317439989274,0.8138405736031049,10.5,41.5,0.8118668596237336,17.0,43.0,1.0,4.666384900537482,1.2465871999463474,0.03177825708820866,1.0,6.5,0.9506825600107263,0.034655332036421,1.0,6.5,1.5,0.03539407850783595
2024,4,LAC,KC,2024-09-29,-2.147484629949715,42.831195864452205,0.43622977542529023,-7.5,41.766239172890444,0.2919907430074161,-7.5,41.5,0.2559309849029475,-7.0,27.0,1.0,4.852515370050285,15.831195864452205,0.19029641696759916,1.0,0.5,14.766239172890444,0.08525859400202293,1.0,0.5,14.5,0.06550066903339276
2024,4,LV,CLE,2024-09-29,4.32468747085688,40.057949560155464,0.6267628846751754,-2.5,37.211589912031094,0.4841996851617959,-2.5,36.5,0.448558885283451,4.0,36.0,1.0,0.32468747085687966,4.057949560155464,0.13930594425599643,0.0,6.5,1.2115899120310942,0.26604996478719045,0.0,6.5,0.5,0.30408730299983017
2024,4,BAL,BUF,2024-09-29,-1.9637310850085525,48.20307807636026,0.4416454787911859,2.5,46.84061561527206,0.5294819875314765,2.5,46.5,0.551441114716549,25.0,45.0,0.0,26.963731085008554,3.2030780763602635,0.3117597713543241,1.0,22.5,1.840615615272057,0.22138720005732967,1.0,22.5,1.5,0.20120507356673215
2024,4,MIA,TEN,2024-09-30,3.329216861004169,42.471004727363315,0.5982714473575532,2.5,38.094200945472664,0.5608071812447499,2.5,37.0,0.551441114716549,-19.0,43.0,0.0,22.32921686100417,0.5289952726366849,0.35792872472330156,0.0,21.5,4.905799054527336,0.3145046945356818,0.0,21.5,6.0,0.30408730299983017
2024,4,DET,SEA,2024-09-30,4.1164270491020325,47.15041103131793,0.6208535722955681,3.5,46.63008220626359,0.6221439559480526,3.5,46.5,0.6224665518611737,13.0,71.0,1.0,8.883572950897968,23.84958896868207,0.14375201364103196,1.0,9.5,24.369917793736413,0.1427751900265872,1.0,9.5,24.5,0.14253150446359183
2024,5,ATL,TB,2024-10-03,-0.9613562061855256,44.950568489252994,0.47135421607282935,2.5,44.190113697850606,0.5450644940082167,2.5,44.0,0.5634920634920635,6.0,66.0,0.0,6.961356206185526,21.049431510747006,0.2794663648639728,1.0,3.5,21.809886302149394,0.20696631461199994,1.0,3.5,22.0,0.19053917863441674
2024,5,MIN,NYJ,2024-10-06,2.6402565087379273,39.410852652212036,0.578231886900826,2.5,41.48217053044241,0.566440028173816,2.5,42.0,0.5634920634920635,6.0,40.0,1.0,3.3597434912620727,0.5891473477879643,0.1778883412272376,1.0,3.5,1.48217053044241,0.18797424916992148,1.0,3.5,2.0,0.19053917863441674
2024,5,CHI,CAR,2024-10-06,7.933766679928855,40.99926296966042,0.7234390097859698,4.0,40.199852593932086,0.6542111473124919,4.0,40.0,0.6369041816941223,26.0,46.0,1.0,18.066233320071145,5.000737030339579,0.07648598130816493,1.0,22.0,5.800147406067914,0.1195699306429432,1.0,22.0,6.0,0.13183857327121493
2024,5,CIN,BAL,2024-10-06,-4.033694762107938,49.14004476536737,0.3815018740214759,-2.5,48.628008953073476,0.41865266635592413,-2.5,48.5,0.42794036443953615,-3.0,79.0,1.0,1.0336947621079382,29.85995523463263,0.14554367988189806,1.0,0.5,30.371991046926524,0.17527005504692472,1.0,0.5,30.5,0.18313295551664302
2024,5,HOU,BUF,2024-10-06,-2.708988306940335,46.51828300952057,0.41975889749769063,1.0,47.70365660190412,0.49784308007255423,1.0,48.0,0.5173641257162701,3.0,43.0,0.0,5.708988306940335,3.518283009520573,0.33667973703309545,1.0,2.0,4.703656601904122,0.25216157223101926,1.0,2.0,5.0,0.23293738714562032
2024,5,JAX,IND,2024-10-06,-2.357290686629515,45.254944124529324,0.4300608791318562,3.5,45.050988824905865,0.5839854173153103,3.5,45.0,0.6224665518611737,3.0,71.0,0.0,5.357290686629515,25.745055875470676,0.3248306014959526,1.0,0.5,25.949011175094135,0.17306813300631654,1.0,0.5,26.0,0.14253150446359183
2024,5,NE,MIA,2024-10-06,-1.3934096678107883,39.4345292117254,0.45851948792416053,-2.0,37.48690584234508,0.4575090665709156,-2.0,37.0,0.4572564612326044,-5.0,25.0,1.0,3.606590332189212,14.434529211725398,0.2102401208062344,1.0,3.0,12.486905842345081,0.20931454599459048,1.0,3.0,12.0,0.20908347133896424
2024,5,WAS,CLE,2024-10-06,5.635454976967799,45.69147041443043,0.6632240327721364,3.0,44.33829408288609,0.5990389193917126,3.0,44.0,0.5829926410466066,21.0,47.0,1.0,15.3645450230322,1.3085295855695733,0.11341805210226308,1.0,18.0,2.6617059171139132,0.16076978816256554,1.0,18.0,3.0,0.17389513742128426
2024,5,DEN,LV,2024-10-06,3.7060714738162357,39.473540809041054,0.6091280791552129,3.0,36.69470816180821,0.588219728668328,3.0,36.0,0.5829926410466066,16.0,52.0,1.0,12.293928526183764,12.526459190958946,0.15278085850489348,1.0,13.0,15.305291838191792,0.16956299185798546,1.0,13.0,16.0,0.17389513742128426
2024,5,SF,ARI,2024-10-06,12.280341000604706,48.69739864838067,0.8206948634369813,7.0,48.53947972967614,0.7509728284867694,7.0,48.5,0.7335423197492164,-1.0,47.0,0.0,13.280341000604706,1.6973986483806698,0.6735400588718453,0.0,8.0,1.5394797296761382,0.5639601891254188,0.0,8.0,1.5,0.5380843348630616
2024,5,LA,GB,2024-10-06,-4.798729717870027,49.31265156085432,0.3598989707264276,-3.0,49.46253031217087,0.4055856813080002,-3.0,49.5,0.4170073589533933,-5.0,43.0,1.0,0.20127028212997278,6.31265156085432,0.129527269129942,1.0,2.0,6.46253031217087,0.16449974488207472,1.0,2.0,6.5,0.1738951374212842
2024,5,SEA,NYG,2024-10-06,4.388376981727347,46.05295891433434,0.6285641863414043,7.0,43.21059178286687,0.7063148439572441,7.0,42.5,0.725752508361204,-9.0,49.0,0.0,13.388376981727347,2.94704108566566,0.39509293635103165,0.0,16.0,5.789408217133129,0.49888065879434607,0.0,16.0,6.5,0.5267167033925795
2024,5,PIT,DAL,2024-10-06,2.6998530030717753,46.33174002840511,0.5799741722609273,2.5,44.06634800568103,0.5571477262254247,2.5,43.5,0.551441114716549,-3.0,37.0,0.0,5.699853003071775,9.331740028405108,0.3363700404897478,0.0,5.5,7.066348005681029,0.31041358883816084,0.0,5.5,6.5,0.30408730299983017
2024,5,KC,NO,2024-10-07,-0.6573168474701816,44.45638135679373,0.4804047815761456,5.5,43.29127627135875,0.6312865731657809,5.5,43.0,0.6690070210631895,13.0,39.0,0.0,13.657316847470181,5.456381356793727,0.2699791910089329,1.0,7.5,4.291276271358747,0.13594959112783309,1.0,7.5,4.0,0.10955635210546386
2024,6,SEA,SF,2024-10-10,-4.67422625543795,47.76698616556468,0.3633864091907649,-3.5,48.75339723311294,0.3631539364828552,-3.5,49.0,0.3630958183058778,-12.0,60.0,1.0,7.32577374456205,12.233013834435319,0.13204968238455805,1.0,8.5,11.246602766887058,0.13188078158299363,1.0,8.5,11.0,0.131838573271215
2024,6,CHI,JAX,2024-10-13,6.9771141761663795,44.68850591492004,0.6990164796515017,-1.5,44.53770118298401,0.5224119915824743,-1.5,44.5,0.4782608695652174,19.0,51.0,1.0,12.02288582383362,6.311494085079957,0.09059107952137488,0.0,20.5,6.462298817015991,0.2280903057842186,0.0,20.5,6.5,0.2722117202268431
2024,6,BAL,WAS,2024-10-13,6.78734631900937,50.70658477098451,0.6940586312989239,6.5,51.341316954196905,0.706446581031569,6.5,51.5,0.7095435684647302,7.0,53.0,1.0,0.21265368099062965,2.293415229015487,0.09360012108268781,1.0,0.5,1.6586830458030946,0.08617360978805519,1.0,0.5,1.5,0.08436493862020286
2024,6,GB,ARI,2024-10-13,8.506134015012966,48.44974645512419,0.7375712844063551,5.5,47.28994929102484,0.6875392544776561,5.5,47.0,0.6750312469954812,21.0,47.0,1.0,12.493865984987034,1.4497464551241919,0.06886883076813016,1.0,15.5,0.2899492910248398,0.09763171749237898,1.0,15.5,0.0,0.10560469042931193
2024,6,NE,HOU,2024-10-13,-5.509576611698903,41.02836107265941,0.34021802054144434,-6.5,39.005672214531884,0.31142764244960996,-6.5,38.5,0.30423004792665137,-20.0,62.0,1.0,14.490423388301096,20.971638927340592,0.11574830150113864,1.0,13.5,22.994327785468116,0.0969871764817221,1.0,13.5,23.5,0.09255592206145259
2024,6,NO,TB,2024-10-13,5.393827136058652,46.535818429801765,0.6566050911954395,-3.5,43.307163685960354,0.44393203067248055,-3.5,42.5,0.39076376554174075,-24.0,78.0,0.0,29.393827136058654,31.464181570198235,0.43113024578377146,1.0,20.5,34.692836314039646,0.19707564785699222,1.0,20.5,35.5,0.15269632046036052
2024,6,PHI,CLE,2024-10-13,6.415339282326413,43.801697613408045,0.6842364093597659,8.0,42.36033952268161,0.7583138068453857,8.0,42.0,0.7768331562167907,4.0,36.0,1.0,2.4153392823264133,7.801697613408045,0.09970664517401331,1.0,4.0,6.360339522681613,0.058412215961569515,1.0,4.0,6.0,0.049803440164159336
2024,6,TEN,IND,2024-10-13,-1.0676543567697496,43.53336362456245,0.4681932072080485,2.5,42.30667272491249,0.534791533214849,2.5,42.0,0.551441114716549,-3.0,37.0,1.0,1.9323456432302504,6.533363624562448,0.21920487927575866,0.0,5.5,5.306672724912488,0.2860019839982889,0.0,5.5,5.0,0.30408730299983017
2024,6,DEN,LAC,2024-10-13,3.600611589479259,38.8202227409487,0.6060980970114522,-3.0,37.36404454818974,0.4548255065650051,-3.0,37.0,0.4170073589533933,-7.0,39.0,0.0,10.600611589479259,0.17977725905129915,0.36735490320090375,1.0,4.0,1.6359554518102613,0.2068662414221135,1.0,4.0,2.0,0.1738951374212842
2024,6,LV,PIT,2024-10-13,-1.908721451214684,42.54478815743468,0.44326892991687533,-3.5,37.70895763148694,0.39550310105186826,-3.5,36.5,0.3835616438356164,-19.0,45.0,1.0,17.091278548785315,2.455211842565319,0.19648734422965172,1.0,15.5,7.291042368513061,0.15642270294164431,1.0,15.5,8.5,0.14711953462188027
2024,6,CAR,ATL,2024-10-13,-4.325834456961833,44.390451298097055,0.37320465098989664,-6.0,45.27809025961941,0.3220066237547249,-6.0,45.5,0.30920711694593195,-18.0,58.0,1.0,13.674165543038168,13.609548701902945,0.13928171152049057,1.0,12.0,12.721909740380589,0.10368826574191695,1.0,12.0,12.5,0.09560904117001523
2024,6,DAL,DET,2024-10-13,-0.780384857204113,50.64439960961561,0.4767398432453868,-3.5,52.12887992192312,0.4021972837175705,-3.5,52.5,0.3835616438356164,-38.0,56.0,1.0,37.21961514279589,5.355600390384389,0.227280878137636,1.0,34.5,3.8711200780768777,0.16176265502979192,1.0,34.5,3.5,0.14711953462188027
2024,6,NYG,CIN,2024-10-13,-0.19029341199935046,48.05131417919436,0.4943250872173028,-4.5,46.41026283583888,0.3636594005929089,-4.5,46.0,0.33099297893681046,-10.0,24.0,1.0,9.80970658800065,24.051314179194357,0.244357291852394,1.0,5.5,22.41026283583888,0.1322481596395938,1.0,5.5,22.0,0.10955635210546386
2024,6,NYJ,BUF,2024-10-14,-2.0240472619410648,41.299705186744276,0.43986654735812336,-1.0,41.85994103734886,0.46710404126224886,-1.0,42.0,0.4739134147382802,-3.0,43.0,1.0,0.9759527380589352,1.7002948132557236,0.1934825794847562,1.0,2.0,1.140058962651139,0.2181861853635247,1.0,2.0,1.0,0.22459392466889716
2024,7,NO,DEN,2024-10-17,3.23972095778411,41.9985200096271,0.5956816741980389,-2.5,37.99970400192542,0.4614886263912367,-2.5,37.0,0.42794036443953615,-23.0,43.0,0.0,26.239720957784108,1.0014799903729,0.35483665697537853,1.0,20.5,5.000295998074577,0.21297175228847048,1.0,20.5,6.0,0.18313295551664302
2024,7,JAX,NE,2024-10-20,5.5140731590113585,44.24769175923268,0.6599051660170767,6.5,42.44953835184654,0.7063574504369754,6.5,42.0,0.7179705215419501,16.0,48.0,1.0,10.485926840988641,3.75230824076732,0.11566449610187216,1.0,9.5,5.550461648153458,0.08622594691387336,1.0,9.5,6.0,0.07954062671931965
2024,7,ATL,SEA,2024-10-20,5.013823350249672,48.29180763188228,0.6460984308520868,3.0,50.858361526376456,0.6039154894979566,3.0,51.5,0.593369754159424,-20.0,48.0,0.0,25.013823350249673,0.29180763188227843,0.4174431823495289,0.0,23.0,2.8583615263764557,0.3647139184555565,0.0,23.0,3.5,0.3520876651512152
2024,7,BUF,TEN,2024-10-20,8.519257642457909,45.27385799166515,0.7378909291650031,9.5,41.85477159833304,0.7941038655913089,9.5,41.0,0.8081570996978852,24.0,44.0,1.0,15.480742357542091,1.2738579916651531,0.06870116501398542,1.0,14.5,2.1452284016669623,0.04239321816444181,1.0,14.5,3.0,0.03680369839632717
2024,7,CLE,CIN,2024-10-20,-5.6565626773628646,45.66121062200172,0.3362001187691203,-5.5,42.732242124400344,0.33203440690327246,-5.5,42.0,0.33099297893681046,-7.0,35.0,1.0,1.3434373226371354,10.661210622001718,0.1130305198603706,1.0,1.5,7.732242124400344,0.11024684736760791,1.0,1.5,7.0,0.10955635210546386
2024,7,GB,HOU,2024-10-20,5.50394547781839,45.4112511148532,0.659627685928621,3.0,47.48225022297065,0.6149311139394664,3.0,48.0,0.6037569709421778,2.0,46.0,1.0,3.50394547781839,0.5887488851467992,0.11585331218630548,1.0,1.0,1.4822502229706487,0.1482780470119002,1.0,1.0,2.0,0.15700853807691809
2024,7,IND,MIA,2024-10-20,6.2957767989612865,43.808438993716344,0.6810512772029826,3.0,43.96168779874327,0.6026043682778819,3.0,44.0,0.5829926410466066,6.0,26.0,1.0,0.2957767989612865,17.808438993716344,0.10172828777384862,1.0,3.0,17.96168779874327,0.15792328811182132,1.0,3.0,18.0,0.17389513742128426
2024,7,MIN,DET,2024-10-20,-4.260579444546115,44.98685850518765,0.37505305574496733,1.0,49.397371701037535,0.4889019117220096,1.0,50.5,0.5173641257162701,-2.0,60.0,1.0,2.2605794445461154,15.013141494812352,0.14066479462363757,0.0,3.0,10.602628298962465,0.23902507928543565,0.0,3.0,9.5,0.26766563857816056
2024,7,NYG,PHI,2024-10-20,0.27857207434539166,46.491719675632474,0.5083072307598545,-3.0,42.8983439351265,0.4219504286926091,-3.0,42.0,0.4003612281757977,-25.0,31.0,0.0,25.27857207434539,15.491719675632474,0.25837624084275196,1.0,22.0,11.898343935126498,0.17804216427387662,1.0,22.0,11.0,0.16028911302643317
2024,7,LA,LV,2024-10-20,4.772573845428073,45.4287859212426,0.6393693387268173,7.0,43.48575718424852,0.7261000318251861,7.0,43.0,0.7477827050997783,5.0,35.0,1.0,0.22742615457192716,10.4287859212426,0.130054473850333,1.0,2.0,8.48575718424852,0.07502119256616406,1.0,2.0,8.0,0.0636135638467854
2024,7,WAS,CAR,2024-10-20,10.395609965978338,47.798838352899296,0.7814570205580497,10.0,50.35976767057986,0.8028170838699181,10.0,51.0,0.8081570996978852,33.0,47.0,1.0,22.604390034021662,0.7988383528992955,0.04776103386336473,1.0,23.0,3.3597676705798634,0.0388811024135629,1.0,23.0,4.0,0.03680369839632717
2024,7,SF,KC,2024-10-20,3.916802295089128,47.12307164628798,0.6151626398907796,2.5,47.424614329257594,0.5738261787718067,2.5,47.5,0.5634920634920635,-10.0,46.0,0.0,13.916802295089127,1.1230716462879826,0.37842507351739296,0.0,12.5,1.4246143292575937,0.3292764834438535,0.0,12.5,1.5,0.3175233056185437
2024,7,PIT,NYJ,2024-10-20,3.674859609524264,40.88524898593048,0.608232007780432,-3.0,40.1770497971861,0.4419353840967246,-3.0,40.0,0.4003612281757977,22.0,52.0,1.0,18.325140390475735,11.114751014069519,0.15348215972775153,0.0,25.0,11.8229502028139,0.3114361155232703,0.0,25.0,12.0,0.35956665667483767
2024,7,TB,BAL,2024-10-21,-0.215190459472139,48.9594090652339,0.4935826700758794,-4.5,50.59188181304678,0.3677980346620064,-4.5,51.0,0.33635187580853815,-10.0,72.0,1.0,9.784809540527862,23.0405909347661,0.24362385219923444,1.0,5.5,21.408118186953217,0.13527539430123445,1.0,5.5,21.0,0.11313258435992227
2024,7,ARI,LAC,2024-10-21,-1.2115984298796956,45.16868902352519,0.4639159459173912,-1.0,44.233737804705044,0.47191392097410245,-1.0,44.0,0.4739134147382802,2.0,32.0,0.0,3.211598429879696,13.16868902352519,0.28738611304164546,0.0,3.0,12.233737804705044,0.2788749068609465,0.0,3.0,12.0,0.2767670951923368
2024,8,LA,MIN,2024-10-24,-0.5011622358719896,44.164187828104,0.4850573770302159,-3.0,46.8328375656208,0.4306173625687578,-3.0,47.5,0.4170073589533933,10.0,50.0,0.0,10.50116223587199,5.835812171896002,0.26516590495100123,0.0,13.0,3.1671624343792004,0.3241965878081574,0.0,13.0,2.5,0.33988041951449754
2024,8,CIN,PHI,2024-10-27,1.368089368725455,48.05872759571143,0.5407293988989266,2.5,47.61174551914229,0.5657935882281564,2.5,47.5,0.5720596355604638,-20.0,54.0,0.0,21.368089368725457,5.9412724042885685,0.29238828283359447,0.0,22.5,6.388254480857711,0.3201223844800926,0.0,22.5,6.5,0.32725222663757064
2024,8,CLE,BAL,2024-10-27,-10.003294219389291,46.381952474575456,0.22729164691371734,-7.5,44.87639049491509,0.23745832938274353,-7.5,44.5,0.24000000000000005,5.0,53.0,0.0,15.003294219389291,6.618047525424544,0.5970781989293152,0.0,12.5,8.123609505084907,0.5814697994277566,0.0,12.5,8.5,0.5776
2024,8,DET,TEN,2024-10-27,12.452687115617378,45.28975319414511,0.8240473889948383,12.5,45.05795063882903,0.8467766909137219,12.5,45.0,0.8524590163934427,38.0,66.0,1.0,25.54731288438262,20.710246805854887,0.030959321319533745,1.0,25.5,20.942049361170973,0.02347738244734912,1.0,25.5,21.0,0.021768341843590416
2024,8,HOU,IND,2024-10-27,2.6691741257024786,43.24365869999066,0.579077478100068,5.0,44.648731739998134,0.6467339949731831,5.0,45.0,0.6636481241914618,3.0,43.0,1.0,0.3308258742975214,0.24365869999066092,0.1771757694425987,1.0,2.0,1.6487317399981336,0.12479687030760704,1.0,2.0,2.0,0.11313258435992231
2024,8,JAX,GB,2024-10-27,-5.455328498462962,48.5285469245704,0.34170553232494505,-3.5,48.90570938491408,0.36358883143971105,-3.5,49.0,0.3690596562184025,-3.0,57.0,1.0,2.455328498462962,8.4714530754296,0.11676267082147407,1.0,0.5,8.094290615085917,0.1321968383476946,1.0,0.5,8.0,0.13620502984804542
2024,8,MIA,ARI,2024-10-27,1.126698733626914,44.581847905063974,0.5335617538739439,4.0,46.1163695810128,0.6162356961300867,4.0,46.5,0.6369041816941223,-1.0,55.0,0.0,2.126698733626914,10.418152094936026,0.28468814519703906,0.0,5.0,8.883630418987202,0.3797464331849325,0.0,5.0,8.5,0.4056469366594596
2024,8,NE,NYJ,2024-10-27,-4.387543557466994,40.8932459083223,0.37145936694697185,-7.0,40.978649181664466,0.2966284662869755,-7.0,41.0,0.27792074112197634,3.0,47.0,0.0,7.387543557466994,6.106754091677701,0.3950633273987013,0.0,10.0,6.021350818335534,0.4947315144378124,0.0,10.0,6.0,0.5213984561018358
2024,8,TB,ATL,2024-10-27,4.2383212956972045,48.43744184426743,0.6243158035631214,-1.5,47.28748836885349,0.5039938925032484,-1.5,47.0,0.4739134147382802,-5.0,57.0,0.0,9.238321295697205,8.562558155732567,0.38977022257866606,1.0,3.5,9.712511631146512,0.25400984368057594,1.0,3.5,10.0,0.22459392466889716
2024,8,LAC,NO,2024-10-27,4.084327015276506,42.51196406794958,0.6199401890332165,7.0,41.70239281358992,0.7045900444956066,7.0,41.5,0.725752508361204,18.0,34.0,1.0,13.915672984723493,8.511964067949577,0.14444545991210725,1.0,11.0,7.702392813589917,0.0872670418111077,1.0,11.0,7.5,0.0752116866701715
2024,8,SEA,BUF,2024-10-27,-4.250030936504391,49.412283488541945,0.3753521222589108,-3.0,46.28245669770839,0.39206484769803984,-3.0,45.5,0.3962430290578221,-21.0,41.0,1.0,16.74996906349561,8.412283488541945,0.14088921568426832,1.0,18.0,5.28245669770839,0.15371484480048717,1.0,18.0,4.5,0.15700853807691806
2024,8,DEN,CAR,2024-10-27,13.548146214666385,41.44702649085283,0.8444200337959691,13.0,40.68940529817056,0.8460849096937312,13.0,40.5,0.8465011286681716,14.0,42.0,1.0,0.45185378533361487,0.5529735091471721,0.024205125884047402,1.0,1.0,1.3105947018294373,0.023689855023986885,1.0,1.0,1.5,0.023561903500145205
2024,8,LV,KC,2024-10-27,-7.082478705162667,41.57207125585478,0.29824651489383713,-9.0,41.91441425117096,0.2341242625910453,-9.0,42.0,0.21809369951534735,-7.0,47.0,1.0,0.08247870516266698,5.42792874414522,0.08895098364631981,1.0,2.0,5.08558574882904,0.05481417033380073,1.0,2.0,5.0,0.04756486176829062
2024,8,WAS,CHI,2024-10-27,3.3607702794662915,46.36821727686791,0.5991834975682981,1.5,46.47364345537358,0.5407059677230354,1.5,46.5,0.5260865852617197,3.0,33.0,1.0,0.3607702794662915,13.36821727686791,0.16065386862158246,1.0,1.5,13.473643455373583,0.21095100808523343,1.0,1.5,13.5,0.22459392466889727
2024,8,SF,DAL,2024-10-27,8.827654271438927,48.389760697953456,0.745344511933927,5.5,48.0779521395907,0.6890938999831704,5.5,48.0,0.6750312469954812,6.0,54.0,1.0,2.8276542714389272,5.610239302046544,0.06484941760216983,1.0,0.5,5.9220478604093,0.09666260302767486,1.0,0.5,6.0,0.10560469042931193
2024,8,PIT,NYG,2024-10-28,9.280948617502938,43.45948543014204,0.7560952229139645,6.0,38.691897086028405,0.7113487042262289,6.0,37.5,0.7001620745542949,8.0,44.0,1.0,1.280948617502938,0.5405145698579616,0.059489540285388685,1.0,2.0,5.308102913971595,0.08331957055187711,1.0,2.0,6.5,0.0899027815355842
2024,9,NYJ,HOU,2024-10-31,0.8418453242711235,41.91687668991196,0.5250897190438799,2.5,43.1833753379824,0.562665652257147,2.5,43.5,0.5720596355604638,8.0,34.0,1.0,7.158154675728877,7.916876689911959,0.22553977495782093,1.0,5.5,9.183375337982397,0.19126133171566664,1.0,5.5,9.5,0.18313295551664305
2024,9,ATL,DAL,2024-11-03,6.313389405766064,49.16368609202709,0.6815213232304885,3.0,51.43273721840542,0.6160152821054596,3.0,52.0,0.5996387718242023,6.0,48.0,1.0,0.3133894057660642,1.163686092027092,0.10142866755685896,1.0,3.0,3.4327372184054212,0.14744426357654974,1.0,3.0,4.0,0.16028911302643312
2024,9,BAL,DEN,2024-11-03,4.179228232282646,46.744649525824364,0.6226385803588791,9.0,46.548929905164876,0.7468961371244074,9.0,46.5,0.7779605263157894,31.0,51.0,1.0,26.820771767717353,4.255350474175636,0.14240164103356215,1.0,22.0,4.451070094835124,0.06406156540254679,1.0,22.0,4.5,0.04930152787396126
2024,9,BUF,MIA,2024-11-03,11.782270554343553,46.351518039559245,0.8107824063502551,6.5,48.47030360791185,0.7297913360418352,6.5,49.0,0.7095435684647302,3.0,57.0,1.0,8.782270554343553,10.648481960440755,0.035803297746599974,1.0,3.5,8.529696392088148,0.07301272207805642,1.0,3.5,8.0,0.08436493862020286
2024,9,CAR,NO,2024-11-03,-4.363253153845843,42.92554265803743,0.372146045803332,-7.0,43.38510853160749,0.2791739970830244,-7.0,43.5,0.2559309849029475,1.0,45.0,0.0,5.363253153845843,2.074457341962571,0.3942005878003917,0.0,8.0,1.614891468392507,0.5195901264812636,0.0,8.0,1.5,0.5536386992274978
2024,9,CIN,LV,2024-11-03,6.158532351568637,45.205394941405146,0.6773785597096968,8.0,45.04107898828103,0.7526800130172082,8.0,45.0,0.771505376344086,17.0,65.0,1.0,10.841467648431362,19.794605058594854,0.10408459373498964,1.0,9.0,19.95892101171897,0.061167175961168295,1.0,9.0,20.0,0.052209793039657774
2024,9,CLE,LAC,2024-11-03,-2.649615500532607,41.51909275332025,0.4214944035282476,-2.0,42.30381855066405,0.450104049691733,-2.0,42.5,0.4572564612326044,-17.0,37.0,1.0,14.350384499467392,4.519092753320251,0.1776575322056332,1.0,15.0,5.303818550664047,0.20259365554889805,1.0,15.0,5.5,0.20908347133896424
2024,9,NYG,WAS,2024-11-03,-6.855254697393824,46.23053930704283,0.3041630504737818,-4.5,44.84610786140857,0.3348524291382721,-4.5,44.5,0.34252477380439467,-5.0,49.0,1.0,1.855254697393824,2.7694606929571677,0.09251516127351632,1.0,0.5,4.153892138591431,0.11212614929980155,1.0,0.5,4.5,0.11732322066975173
2024,9,TEN,NE,2024-11-03,3.4320778470912465,41.658577446721864,0.6012426421148522,3.0,39.13171548934437,0.5949443317505096,3.0,38.5,0.593369754159424,3.0,37.0,1.0,0.4320778470912465,4.658577446721864,0.15900743046754381,1.0,0.0,2.131715489344373,0.1640700943810412,1.0,0.0,1.5,0.1653481568323673
2024,9,ARI,CHI,2024-11-03,-0.3747162905686652,47.430963481051876,0.48882632934317655,1.5,45.086192696210375,0.5151565702164614,1.5,44.5,0.5217391304347826,20.0,38.0,0.0,20.374716290568664,9.430963481051876,0.26129852157277067,1.0,18.5,7.086192696210375,0.23507315140426507,1.0,18.5,6.5,0.2287334593572779
2024,9,PHI,JAX,2024-11-03,7.0000806694318065,50.015447485359,0.6996140341714964,7.5,46.8030894970718,0.7326200977648057,7.5,46.0,0.740871613663133,5.0,51.0,1.0,2.0000806694318065,0.9845525146410026,0.09023172846672295,1.0,2.5,4.196910502928198,0.07149201211930203,1.0,2.5,5.0,0.06714752060554859
2024,9,GB,DET,2024-11-03,0.23020131444493308,47.45611624829392,0.506864935317278,-2.5,47.49122324965879,0.43497887422617026,-2.5,47.5,0.4170073589533933,-10.0,38.0,0.0,10.230201314444933,9.456116248293917,0.2569120626541885,1.0,7.5,9.491223249658788,0.18920662102306646,1.0,7.5,9.5,0.1738951374212842
2024,9,SEA,LA,2024-11-03,-0.486106932967316,48.18660581724645,0.48550606442009114,-1.5,48.4373211634493,0.4711271869099923,-1.5,48.5,0.4675324675324675,-6.0,46.0,1.0,5.513893067032684,2.186605817246452,0.2357161385886857,1.0,4.5,2.4373211634492975,0.2219608262457228,1.0,4.5,2.5,0.2185866081969978
2024,9,MIN,IND,2024-11-03,2.5078256388791487,44.18840071192007,0.5743548722881592,6.5,46.43768014238402,0.6892473916911919,6.5,47.0,0.7179705215419501,8.0,34.0,1.0,5.492174361120851,10.188400711920067,0.1811737747448293,1.0,1.5,12.437680142384018,0.09656718357072752,1.0,1.5,13.0,0.07954062671931965
2024,9,KC,TB,2024-11-04,5.921698568888602,48.08987516207289,0.671000072923274,9.0,46.017975032414576,0.7556665395580874,9.0,45.5,0.7768331562167907,6.0,54.0,1.0,0.07830143111139787,5.910124837927107,0.10824095201649102,1.0,3.0,7.982024967585424,0.05969883989151968,1.0,3.0,8.5,0.049803440164159336
2024,10,BAL,CIN,2024-11-07,7.346213710396469,50.88863181064678,0.7085542049171627,6.0,52.57772636212936,0.7018405006268685,6.0,53.0,0.7001620745542949,1.0,69.0,1.0,6.346213710396469,18.11136818935322,0.08494065147146719,1.0,5.0,16.42227363787064,0.08889908706643639,1.0,5.0,16.0,0.0899027815355842
2024,10,CAR,NYG,2024-11-10,-1.9811337298519558,45.19059758041095,0.44113209250630286,-6.5,41.43811951608219,0.31385000126770046,-6.5,40.5,0.2820294784580499,3.0,37.0,0.0,4.981133729851956,8.190597580410952,0.3123333380263836,0.0,9.5,4.438119516082189,0.47080182076033467,0.0,9.5,3.5,0.5154816698032197
2024,10,CHI,NE,2024-11-10,7.613979903308662,42.626272962140014,0.7153839442143829,6.5,38.525254592428006,0.7299106446422496,6.5,37.5,0.7335423197492164,-16.0,22.0,0.0,23.61397990330866,20.626272962140014,0.5117741876397273,0.0,22.5,16.525254592428006,0.5327695491620644,0.0,22.5,15.5,0.5380843348630616
2024,10,IND,BUF,2024-11-10,-5.552814715567341,46.96097667332892,0.33903418585239475,-4.5,46.59219533466579,0.33260122031992734,-4.5,46.5,0.33099297893681046,-10.0,50.0,1.0,4.447185284432659,3.039023326671078,0.11494417917659615,1.0,5.5,3.4078046653342113,0.11062357175830484,1.0,5.5,3.5,0.10955635210546386
2024,10,JAX,MIN,2024-11-10,-2.5825617192377086,46.137150867229735,0.42345626315063434,-7.0,43.227430173445946,0.2874247378237488,-7.0,42.5,0.25341685649202733,-5.0,19.0,1.0,2.4174382807622914,27.137150867229735,0.1793152068014993,1.0,2.0,24.227430173445946,0.08261297991305072,1.0,2.0,23.5,0.06422010315430078
2024,10,KC,DEN,2024-11-10,7.085111502709352,44.71032876353569,0.7018217307121508,7.5,42.94206575270714,0.7483643461424303,7.5,42.5,0.7600000000000001,2.0,30.0,1.0,5.085111502709352,14.710328763535692,0.0889102802754971,1.0,5.5,12.942065752707137,0.06332050229232664,1.0,5.5,12.5,0.05759999999999994
2024,10,NO,ATL,2024-11-10,-0.8809411322282166,46.359523806999455,0.4737467452362221,-3.5,46.4719047613999,0.38999707402196643,-3.5,46.5,0.3690596562184025,3.0,37.0,0.0,3.880941132228217,9.359523806999455,0.27694248814946976,0.0,6.5,9.471904761399898,0.3721035697017622,0.0,6.5,9.5,0.3980857174112404
2024,10,TB,SF,2024-11-10,-1.1587708961940557,50.376365892191465,0.46548524457793644,-6.5,50.4752731784383,0.3187206316820272,-6.5,50.5,0.2820294784580499,-3.0,43.0,1.0,1.8412291038059443,7.376365892191465,0.2166765129197813,1.0,3.5,7.4752731784383,0.10158284105979043,1.0,3.5,7.5,0.07954062671931962
2024,10,WAS,PIT,2024-11-10,4.670885789389294,48.00992689515007,0.6365198640935178,1.5,45.60198537903001,0.5481732410280793,1.5,45.0,0.5260865852617197,-1.0,55.0,0.0,5.670885789389294,6.990073104849927,0.4051575373856304,0.0,2.5,9.398014620969988,0.3004939021792287,0.0,2.5,10.0,0.27676709519233667
2024,10,LAC,TEN,2024-11-10,6.702922567805542,40.89050197282471,0.6918414333449168,8.0,40.17810039456494,0.7463682866689835,8.0,40.0,0.7600000000000001,10.0,44.0,1.0,3.297077432194458,3.1094980271752917,0.09496170220291537,1.0,2.0,3.821899605435057,0.06432904600722694,1.0,2.0,4.0,0.05759999999999994
2024,10,ARI,NYJ,2024-11-10,0.8102984211247328,45.81212397576805,0.5241506908286508,-2.0,45.56242479515361,0.4706353071518137,-2.0,45.5,0.4572564612326044,25.0,37.0,1.0,24.189701578875265,8.812123975768053,0.22643256503885023,0.0,27.0,8.56242479515361,0.28022697803425467,0.0,27.0,8.5,0.2945705488737554
2024,10,DAL,PHI,2024-11-10,-5.004337975629454,48.68999106895569,0.3541652977008297,-7.5,45.33799821379114,0.270183005368985,-7.5,44.5,0.2491874322860238,-28.0,40.0,1.0,22.995662024370546,8.689991068955692,0.12543305809551733,1.0,20.5,5.337998213791138,0.07299885639021697,1.0,20.5,4.5,0.062094376409301696
2024,10,HOU,DET,2024-11-10,-3.8955961209470917,45.27927088334519,0.38544339348079315,-4.5,48.25585417666904,0.341883061845607,-4.5,49.0,0.33099297893681046,-3.0,49.0,1.0,0.8955961209470917,3.720729116654809,0.14856660957798953,1.0,1.5,0.7441458233309604,0.11688402797692715,1.0,1.5,0.0,0.10955635210546386
2024,10,LA,MIA,2024-11-11,3.5920507812346036,45.784721308630694,0.6058518504795585,2.5,48.75694426172614,0.5719640208895624,2.5,49.5,0.5634920634920635,-8.0,38.0,0.0,11.592050781234605,7.784721308630694,0.36705646472950526,0.0,10.5,10.75694426172614,0.3271428411921558,0.0,10.5,11.5,0.3175233056185437
2024,11,PHI,WAS,2024-11-14,3.5577804619502844,46.34466695707085,0.6048656623674658,4.5,48.868933391414174,0.6561787493240449,4.5,49.5,0.6690070210631895,8.0,44.0,1.0,4.442219538049716,2.3446669570708494,0.15613114477630158,1.0,3.5,4.868933391414174,0.11821305241637799,1.0,3.5,5.5,0.10955635210546386
2024,11,CHI,GB,2024-11-17,-4.3564743617729915,44.152206537534525,0.37233775192194696,-6.0,41.63044130750691,0.3178515887257105,-6.0,41.0,0.30423004792665137,-1.0,39.0,1.0,3.3564743617729915,5.152206537534525,0.1386354015062893,1.0,5.0,2.6304413075069135,0.10102963245545822,1.0,5.0,2.0,0.09255592206145259
2024,11,DET,JAX,2024-11-17,11.952527446920744,46.529086440643844,0.8142081340036104,14.0,47.30581728812877,0.8605160454053732,14.0,47.5,0.8720930232558138,46.0,58.0,1.0,34.04747255307926,11.470913559356156,0.034518617470420405,1.0,32.0,10.694182711871228,0.019455773589355914,1.0,32.0,10.5,0.01636019469983778
2024,11,MIA,LV,2024-11-17,7.205773300529398,42.21951251917154,0.7049417803855026,8.0,43.24390250383431,0.7624548810505332,8.0,43.5,0.7768331562167907,15.0,53.0,1.0,7.794226699470602,10.780487480828462,0.08705935296207698,1.0,7.0,9.756097496165687,0.05642768353671635,1.0,7.0,9.5,0.049803440164159336
2024,11,NE,LA,2024-11-17,-0.9108055882320716,42.7341807192968,0.47285809538174395,-4.0,42.54683614385936,0.38504827372105105,-4.0,42.5,0.3630958183058778,-6.0,50.0,1.0,5.089194411767928,7.265819280703198,0.22359477836805045,1.0,2.0,7.453163856140641,0.14826217309556144,1.0,2.0,7.5,0.131838573271215
2024,11,NO,CLE,2024-11-17,5.212072238856081,42.87289817311282,0.6515942729550519,-1.0,43.77457963462257,0.5216514656419313,-1.0,44.0,0.4891657638136511,21.0,49.0,1.0,15.78792776114392,6.127101826887177,0.12138655063771887,0.0,22.0,5.225420365377431,0.2288173203225124,0.0,22.0,5.0,0.26095161686009055
2024,11,NYJ,IND,2024-11-17,2.970268225332143,42.90267483557023,0.5878595170997631,4.0,42.980534967114046,0.633355246460139,4.0,43.0,0.644729178800233,-1.0,55.0,0.0,3.970268225332143,12.097325164429769,0.3455788118447667,0.0,5.0,12.019465032885954,0.40113886821858336,0.0,5.0,12.0,0.4156757139964227
2024,11,PIT,BAL,2024-11-17,-2.9563011826542196,49.6357721002439,0.41254692515139596,-3.0,48.327154420048785,0.39512039746367184,-3.0,48.0,0.39076376554174075,2.0,34.0,0.0,4.95630118265422,15.635772100243898,0.34510111514907954,0.0,5.0,14.327154420048785,0.36587933356450625,0.0,5.0,14.0,0.371168789376879
2024,11,TEN,MIN,2024-11-17,-4.377280127096533,42.51322861495984,0.3717494597753022,-6.0,40.50264572299197,0.303508907746467,-6.0,40.0,0.28644876973925815,-10.0,36.0,1.0,5.622719872903467,6.513228614959843,0.13819766084322904,1.0,4.0,4.502645722991971,0.09211765708145342,1.0,4.0,4.0,0.08205289768513453
2024,11,DEN,ATL,2024-11-17,1.3018013361467728,46.08416448333173,0.5387623178751179,2.0,44.81683289666635,0.5489053553482628,2.0,44.5,0.551441114716549,32.0,44.0,1.0,30.698198663853226,2.084164483331733,0.2127401994119338,1.0,30.0,0.8168328966663481,0.20348637843347706,1.0,30.0,0.5,0.20120507356673215
2024,11,SF,SEA,2024-11-17,11.452606483469191,48.24936844685232,0.8040395925266678,6.0,48.84987368937047,0.7174238801640126,6.0,49.0,0.6957699520733487,-3.0,37.0,0.0,14.452606483469191,11.249368446852323,0.64647966635045,0.0,9.0,11.849873689370469,0.5146970238295875,0.0,9.0,12.0,0.48409582620814995
2024,11,BUF,KC,2024-11-17,4.0696292213264265,48.44311757759195,0.619521750204422,2.5,46.88862351551839,0.5746980008345353,2.5,46.5,0.5634920634920635,9.0,51.0,1.0,4.9303707786735735,2.5568824224080515,0.14476369856750623,1.0,6.5,4.11137648448161,0.18088179049414096,1.0,6.5,4.5,0.19053917863441674
2024,11,LAC,CIN,2024-11-17,3.236963554602304,46.72391652646748,0.5956018150430178,1.0,47.7447833052935,0.5191203630086036,1.0,48.0,0.5,7.0,61.0,1.0,3.763036445397696,14.276083473532523,0.1635378919965016,1.0,6.0,13.255216694706498,0.23124522527297714,1.0,6.0,13.0,0.25
2024,11,DAL,HOU,2024-11-18,-3.7854574345053136,43.199477789929624,0.38859542375888423,-7.5,41.839895557985926,0.2770690305805959,-7.5,41.5,0.2491874322860238,-24.0,44.0,1.0,20.214542565494686,0.8005222100703762,0.1510064033663468,1.0,16.5,2.160104442014074,0.07676724770687118,1.0,16.5,2.5,0.062094376409301696
2024,12,CLE,PIT,2024-11-21,-4.555009503994464,43.4042340418793,0.3667364130644425,-3.5,37.880846808375864,0.35756393957270216,-3.5,36.5,0.35527082119976705,5.0,43.0,0.0,9.555009503994464,0.4042340418792989,0.4010227705384884,0.0,8.5,5.119153191624136,0.4127240917373467,0.0,8.5,6.5,0.4156757139964227
2024,12,CAR,KC,2024-11-24,-8.04134839464209,46.03090969020729,0.2738764732259384,-11.0,43.60618193804146,0.18277529464518766,-11.0,43.0,0.15999999999999998,-3.0,57.0,1.0,5.041348394642091,10.969090309792712,0.07500832258667815,1.0,8.0,13.393818061958541,0.033406808332635166,1.0,8.0,14.0,0.02559999999999999
2024,12,CHI,MIN,2024-11-24,-3.216461315926442,42.700551664574974,0.40499208987664037,-3.0,40.140110332915,0.3936094304087207,-3.0,39.5,0.39076376554174075,-3.0,57.0,1.0,0.21646131592644213,14.299448335425026,0.16401859286264875,1.0,0.0,16.859889667085,0.15492838370667755,1.0,0.0,17.5,0.15269632046036052
2024,12,HOU,TEN,2024-11-24,6.997820407968428,42.12475794872219,0.6995552492644088,8.0,40.82495158974444,0.7456618485749265,8.0,40.5,0.7571884984025559,-5.0,59.0,0.0,11.997820407968428,16.87524205127781,0.4893775467733891,0.0,13.0,18.175048410255563,0.5560115924201765,0.0,13.0,18.5,0.5733344221131174
2024,12,IND,DET,2024-11-24,-9.370806987820432,44.49974808815659,0.24180308541056594,-7.0,49.29994961763133,0.2426098183600685,-7.0,50.5,0.2428115015974441,-18.0,30.0,1.0,8.629193012179568,14.499748088156593,0.05846873211406945,1.0,11.0,19.299949617631327,0.05885952396470544,1.0,11.0,20.5,0.0589574253080056
2024,12,MIA,NE,2024-11-24,6.938543576112993,45.59933726776163,0.6980117253086169,7.5,45.91986745355233,0.7402523992329044,7.5,46.0,0.7508125677139762,19.0,49.0,1.0,12.061456423887007,3.4006627322383665,0.09119691805107827,1.0,11.5,3.080132546447672,0.06746881610426247,1.0,11.5,3.0,0.062094376409301696
2024,12,NYG,TB,2024-11-24,-2.0117659866110458,48.66335492780561,0.440228667174989,-6.5,42.13267098556112,0.3136693162014377,-6.5,40.5,0.2820294784580499,-23.0,37.0,1.0,20.988234013388954,11.663354927805607,0.19380127940266723,1.0,16.5,5.13267098556112,0.0983884399262775,1.0,16.5,3.5,0.07954062671931962
2024,12,WAS,DAL,2024-11-24,10.545931486147367,46.849331205152005,0.7847571233991275,10.5,45.3698662410304,0.8186503814607495,10.5,45.0,0.827123695976155,-8.0,60.0,0.0,18.545931486147367,13.150668794847995,0.6158437427256734,0.0,18.5,14.630133758969599,0.6701884470658307,0.0,18.5,15.0,0.6841336084452548
2024,12,LV,DEN,2024-11-24,-7.076156956465771,43.846983937260376,0.29841041204500307,-6.5,41.96939678745208,0.29565555100049495,-6.5,41.5,0.2949668357393679,-10.0,48.0,1.0,2.9238430435342293,4.153016062739624,0.08904877401686852,1.0,3.5,6.030603212547923,0.08741220483740628,1.0,3.5,6.5,0.08700543418609523
2024,12,GB,SF,2024-11-24,-0.6628861177842642,49.55733340202928,0.48023889179918233,6.5,45.51146668040586,0.66688876256843,6.5,44.5,0.7135512302607419,28.0,48.0,0.0,28.662886117784264,1.557333402029279,0.2701516095981421,1.0,21.5,2.48853331959414,0.1109630965031918,1.0,21.5,3.5,0.08205289768513453
2024,12,SEA,ARI,2024-11-24,-4.2054938254019,48.672722124217124,0.37661564234574146,-1.0,46.93454442484343,0.4666557395200692,-1.0,46.5,0.4891657638136511,10.0,22.0,0.0,14.2054938254019,26.672722124217124,0.38860805736801257,0.0,11.0,24.93454442484343,0.2844561001868843,0.0,11.0,24.5,0.26095161686009055
2024,12,LA,PHI,2024-11-24,-3.091899062584072,45.68087638254149,0.4086050425916174,-3.0,48.3361752765083,0.3987154317645812,-3.0,49.0,0.3962430290578221,-17.0,57.0,1.0,13.908100937415927,11.319123617458509,0.16695808083129746,1.0,14.0,8.6638247234917,0.1589739955272164,1.0,14.0,8.0,0.15700853807691806
2024,12,LAC,BAL,2024-11-25,-3.3632641363621563,47.97050422443105,0.40074444058280295,-3.0,50.39410084488622,0.4004378706571988,-3.0,51.0,0.4003612281757977,-7.0,53.0,1.0,3.6367358636378437,5.029495775568947,0.16059610665802368,1.0,4.0,2.6058991551137822,0.1603504882564715,1.0,4.0,2.0,0.16028911302643317
2024,13,DET,CHI,2024-11-28,13.995918350455742,45.98282788071727,0.8522804956109081,9.5,47.196565576143456,0.8138904425565252,9.5,47.5,0.8042929292929294,3.0,43.0,1.0,10.995918350455742,2.9828278807172666,0.02182105197695893,1.0,6.5,4.196565576143456,0.03463676737180604,1.0,6.5,4.5,0.03830125752474233
2024,13,DAL,NYG,2024-11-28,0.6254626152486993,45.03534536220189,0.5186463239435016,4.5,40.20706907244038,0.6328892775641716,4.5,39.0,0.661450015969339,7.0,47.0,1.0,6.374537384751301,1.9646546377981124,0.23170136145310438,1.0,2.5,6.792930927559617,0.13477028252735587,1.0,2.5,8.0,0.11461609168716086
2024,13,GB,MIA,2024-11-28,4.8303225604236255,46.46697849298314,0.6409841305901813,3.5,47.293395698596626,0.6155858136846438,3.5,47.5,0.6092362344582594,13.0,47.0,1.0,8.169677439576375,0.533021507016862,0.12889239448808798,1.0,9.5,0.2933956985966262,0.14777426664049736,1.0,9.5,0.5,0.15269632046036044
2024,13,KC,LV,2024-11-29,11.541968286662376,46.63531119786412,0.8058816116244703,13.5,42.92706223957283,0.8431435354396483,13.5,42.0,0.8524590163934427,2.0,36.0,1.0,9.541968286662376,10.63531119786412,0.037681948705513,1.0,11.5,6.927062239572827,0.02460395047437288,1.0,11.5,6.0,0.021768341843590416
2024,13,ATL,LAC,2024-12-01,0.5451177915656842,47.72781795820328,0.5162525031293526,-1.0,47.14556359164066,0.4893592000528544,-1.0,47.0,0.4826358742837298,-4.0,30.0,0.0,4.545117791565684,17.727817958203282,0.2665166469873222,1.0,3.0,17.14556359164066,0.23947242667636956,1.0,3.0,17.0,0.2329373871456202
2024,13,CIN,PIT,2024-12-01,1.8412372417147682,46.82813078659163,0.5547381690368605,3.0,46.16562615731833,0.5773417466446574,3.0,46.0,0.5829926410466066,-6.0,82.0,0.0,7.841237241714769,35.17186921340837,0.30773443618636837,0.0,9.0,35.83437384268167,0.3333234924187038,0.0,9.0,36.0,0.33988041951449754
2024,13,JAX,HOU,2024-12-01,-6.257709614060883,44.23911701279362,0.3199656560700844,-3.5,44.447823402558726,0.3592408561887389,-3.5,44.5,0.3690596562184025,-3.0,43.0,1.0,3.257709614060883,1.2391170127936206,0.10237802106435956,1.0,0.5,1.4478234025587255,0.1290539927552182,1.0,0.5,1.5,0.13620502984804542
2024,13,MIN,ARI,2024-12-01,3.199882524873259,45.39020007138267,0.5945274987440917,3.5,45.47804001427653,0.6168787412377573,3.5,45.5,0.6224665518611737,1.0,45.0,1.0,2.199882524873259,0.3902000713826723,0.16440794927472255,1.0,2.5,0.4780400142765302,0.1467818989155653,1.0,2.5,0.5,0.14253150446359183
2024,13,NE,IND,2024-12-01,0.027999358146458153,43.3687523882146,0.5008350218579569,-2.5,41.87375047764292,0.4590141125983522,-2.5,41.5,0.448558885283451,-1.0,49.0,0.0,1.0279993581464582,5.631247611785398,0.2508357191194602,1.0,1.5,7.126249522357078,0.21069395556445272,1.0,1.5,7.5,0.20120507356673215
2024,13,NYJ,SEA,2024-12-01,2.446202466370985,45.00590407328138,0.5725483292533095,1.0,42.20118081465628,0.523177054799741,1.0,41.5,0.5108342361863488,-5.0,47.0,0.0,7.446202466370985,1.9940959267186216,0.32781158933075605,0.0,6.0,4.798819185343717,0.2737142306689312,0.0,6.0,5.5,0.2609516168600904
2024,13,WAS,TEN,2024-12-01,5.740388236240042,44.87348294681334,0.6660829601615149,6.0,44.974696589362665,0.681531198773876,6.0,45.0,0.6853932584269663,23.0,61.0,1.0,17.259611763759956,16.12651705318666,0.11150058949449644,1.0,17.0,16.025303410637335,0.10142237735440446,1.0,17.0,16.0,0.09897740184320161
2024,13,CAR,TB,2024-12-01,-6.396231320550311,48.82760916085845,0.3162717151925235,-6.5,46.5655218321717,0.2924133588299112,-6.5,46.0,0.28644876973925815,-3.0,49.0,1.0,3.396231320550311,0.17239083914154918,0.1000277978308207,1.0,3.5,2.4344781678283027,0.08550557242219041,1.0,3.5,3.0,0.08205289768513453
2024,13,NO,LA,2024-12-01,4.044659006338873,47.513415246973786,0.6188105402256235,-2.5,48.30268304939476,0.4729684572514739,-2.5,48.5,0.43650793650793646,-7.0,35.0,0.0,11.044659006338872,12.513415246973786,0.38292648469432805,1.0,4.5,13.302683049394759,0.2236991615548393,1.0,4.5,13.5,0.1905391786344167
2024,13,BAL,PHI,2024-12-01,2.0670536690212145,49.30822375244853,0.5614011205842747,3.0,49.8616447504897,0.5869760274443941,3.0,50.0,0.593369754159424,-5.0,43.0,0.0,7.067053669021215,6.3082237524485265,0.31517121819327937,0.0,8.0,6.8616447504897025,0.34454085679440216,0.0,8.0,7.0,0.3520876651512152
2024,13,BUF,SF,2024-12-01,5.7114780247382875,48.773076447917404,0.6652962484873199,6.5,45.754615289583484,0.7257565406279705,6.5,45.0,0.740871613663133,25.0,45.0,1.0,19.288521975261713,3.773076447917404,0.11202660127666188,1.0,18.5,0.7546152895834837,0.07520947500833802,1.0,18.5,0.0,0.06714752060554859
2024,13,DEN,CLE,2024-12-02,11.079928862233844,43.808555965424446,0.7962439277009676,6.5,41.961711193084895,0.730089769748787,6.5,41.5,0.7135512302607419,9.0,73.0,1.0,2.079928862233844,29.191444034575554,0.0415165369987285,1.0,2.5,31.038288806915105,0.0728515323942628,1.0,2.5,31.5,0.08205289768513453
2024,14,DET,GB,2024-12-05,5.595720475231091,48.02158911820086,0.6621389804204695,3.0,52.00431782364018,0.6154333728378362,3.0,53.0,0.6037569709421778,3.0,65.0,1.0,2.595720475231091,16.978410881799142,0.1141500685513199,1.0,0.0,12.995682176359821,0.14789149072688274,1.0,0.0,12.0,0.15700853807691809
2024,14,MIA,NYJ,2024-12-08,5.622068877255298,44.91814932990575,0.6628586422033028,6.5,44.98362986598115,0.7069481456742206,6.5,45.0,0.7179705215419501,6.0,58.0,1.0,0.37793112274470175,13.081850670094248,0.11366429513700059,1.0,0.5,13.01637013401885,0.08587938932377784,1.0,0.5,13.0,0.07954062671931965
2024,14,MIN,ATL,2024-12-08,4.507002743973462,44.486638539572866,0.6319117029866711,6.0,46.09732770791457,0.6746969473389073,6.0,46.5,0.6853932584269663,21.0,63.0,1.0,16.492997256026538,18.513361460427134,0.13548899439817264,1.0,15.0,16.902672292085427,0.10582207607062566,1.0,15.0,16.5,0.09897740184320161
2024,14,NYG,NO,2024-12-08,-3.2270719948077335,45.328272557348626,0.4046846943523606,-5.5,41.86565451146973,0.3364924944260277,-5.5,41.0,0.3194444444444444,-3.0,25.0,1.0,0.22707199480773355,20.328272557348626,0.16376970184306353,1.0,2.5,16.865654511469728,0.11322719880505028,1.0,2.5,16.0,0.10204475308641973
2024,14,PHI,CAR,2024-12-08,12.247021319101673,46.47851893541829,0.8200421157117646,14.0,44.89570378708366,0.8581816514888096,14.0,44.5,0.8677165354330709,6.0,38.0,1.0,6.247021319101673,8.478518935418293,0.03238484011749794,1.0,8.0,6.8957037870836615,0.020112443974441445,1.0,8.0,6.5,0.01749891499782998
2024,14,PIT,CLE,2024-12-08,8.373141117185765,44.78939962314576,0.734320830678647,6.0,43.35787992462915,0.6994984725789839,6.0,43.0,0.690792883054068,13.0,41.0,1.0,4.6268588828142345,3.789399623145762,0.07058542101128418,1.0,7.0,2.3578799246291524,0.09030116798236369,1.0,7.0,2.0,0.09560904117001523
2024,14,TB,LV,2024-12-08,8.157296406049362,46.85869069187914,0.7290023109612367,7.0,46.97173813837583,0.7326343179916204,7.0,47.0,0.7335423197492164,15.0,41.0,1.0,6.842703593950638,5.85869069187914,0.07343974746435025,1.0,8.0,5.971738138375827,0.07148440791580597,1.0,8.0,6.0,0.07099969536462886
2024,14,TEN,JAX,2024-12-08,4.265215165901911,45.886803936878316,0.6250783503786936,3.0,41.17736078737566,0.608021246829481,3.0,40.0,0.6037569709421778,-4.0,16.0,0.0,8.26521516590191,29.886803936878316,0.39072294411214886,0.0,7.0,25.17736078737566,0.3696898365960767,0.0,7.0,24.0,0.3645224799612738
2024,14,ARI,SEA,2024-12-08,4.976477883301087,46.03440964931483,0.6450596843963228,3.0,45.606881929862965,0.6164009244458721,3.0,45.5,0.6092362344582594,-12.0,48.0,0.0,16.976477883301087,1.9655903506851686,0.41610199643348356,0.0,15.0,2.393118070137035,0.37995009965772575,0.0,15.0,2.5,0.3711687893768792
2024,14,LA,BUF,2024-12-08,-6.401969330934709,49.224439690133764,0.3161190918196537,-3.5,49.44488793802675,0.3584715433386528,-3.5,49.5,0.3690596562184025,2.0,86.0,0.0,8.401969330934708,36.775560309866236,0.4676930965735753,0.0,5.5,36.55511206197325,0.41155876070629016,0.0,5.5,36.5,0.3980857174112404
2024,14,SF,CHI,2024-12-08,3.4556620892341643,46.60090280438102,0.6019230662909527,3.0,44.12018056087621,0.5950804165857297,3.0,43.5,0.593369754159424,25.0,51.0,1.0,21.544337910765837,4.399097195618978,0.15846524515119723,1.0,22.0,6.879819439123793,0.16395986903238616,1.0,22.0,7.5,0.1653481568323673
2024,14,KC,LAC,2024-12-08,5.744281845248093,46.82013875266571,0.6661888583359359,5.0,44.16402775053315,0.6732627692635722,5.0,43.5,0.6750312469954812,2.0,36.0,1.0,3.744281845248093,10.820138752665713,0.11142987829906588,1.0,3.0,8.164027750533151,0.10675721794930966,1.0,3.0,7.5,0.10560469042931193
2024,14,DAL,CIN,2024-12-09,-2.3610885972049953,46.91156234530965,0.42994936219438296,-5.0,50.182312469061934,0.35078425558832493,-5.0,51.0,0.33099297893681046,-7.0,47.0,1.0,4.638911402795005,0.08843765469035247,0.1848564540513567,1.0,2.0,3.1823124690619338,0.12304959396865527,1.0,2.0,4.0,0.10955635210546386
2024,15,SF,LA,2024-12-12,4.197292100852195,50.26298489681192,0.6231515296663171,3.0,48.85259697936239,0.5910244187705488,3.0,48.5,0.5829926410466066,-6.0,18.0,0.0,10.197292100852195,32.26298489681192,0.38831782892547095,0.0,9.0,30.85259697936239,0.34930986358306504,0.0,9.0,30.5,0.33988041951449754
2024,15,CAR,DAL,2024-12-15,2.7337712685065316,45.63212943045762,0.5809650653374525,2.5,42.726425886091526,0.5669866638611413,2.5,42.0,0.5634920634920635,-16.0,44.0,0.0,18.73377126850653,1.632129430457617,0.3375204071425505,0.0,18.5,1.2735741139084737,0.3214738769963868,0.0,18.5,2.0,0.3175233056185437
2024,15,CLE,KC,2024-12-15,-4.7825145281299415,46.49974460874402,0.36035251798555235,-4.5,42.49994892174881,0.33686488674655884,-4.5,41.5,0.33099297893681046,-14.0,28.0,1.0,9.21748547187006,18.499744608744017,0.12985393721852784,1.0,9.5,14.49994892174881,0.11347795192277192,1.0,9.5,13.5,0.10955635210546386
2024,15,HOU,MIA,2024-12-15,2.3252118475154573,45.72940038044097,0.5689969775718794,2.5,46.3458800760882,0.5801935083516612,2.5,46.5,0.5829926410466066,8.0,32.0,1.0,5.674788152484543,13.729400380440971,0.18576360534217504,1.0,5.5,14.3458800760882,0.17623749043008677,1.0,5.5,14.5,0.17389513742128426
2024,15,JAX,NYJ,2024-12-15,0.27178827185810506,46.595492870905424,0.5081049608013463,-3.5,42.519098574181086,0.4142320045936619,-3.5,41.5,0.39076376554174075,-7.0,57.0,0.0,7.271788271858105,10.404507129094576,0.25817065119093763,1.0,3.5,14.480901425818914,0.17158815362968352,1.0,3.5,15.5,0.15269632046036052
2024,15,NO,WAS,2024-12-15,-1.0279047825802212,47.21594673756462,0.46937502409841897,-7.5,45.04318934751293,0.2881242060976391,-7.5,44.5,0.2428115015974441,-1.0,39.0,1.0,0.02790478258022122,8.215946737564622,0.22031291324739138,1.0,6.5,6.043189347512929,0.08301555813939482,1.0,6.5,5.5,0.0589574253080056
2024,15,NYG,BAL,2024-12-15,-8.848520575637478,47.255168031294694,0.25415521384678896,-16.5,44.25103360625894,0.12087712571866656,-16.5,43.5,0.08755760368663595,-21.0,49.0,1.0,12.151479424362522,1.7448319687053058,0.06459487272550703,1.0,4.5,4.748966393741057,0.01461127952200632,1.0,4.5,5.5,0.007666333963346006
2024,15,TEN,CIN,2024-12-15,-2.2605155529019374,47.01810662626755,0.43290431749212255,-6.0,46.60362132525351,0.33826625675685146,-6.0,46.5,0.31460674157303364,-10.0,64.0,1.0,7.739484447098063,16.981893373732447,0.18740614810332043,1.0,4.0,17.396378674746487,0.11442406046029216,1.0,4.0,17.5,0.09897740184320157
2024,15,ARI,NE,2024-12-15,5.479213810745038,46.76999790910307,0.6589497200750029,6.0,46.55399958182062,0.6844242504582551,6.0,46.5,0.690792883054068,13.0,47.0,1.0,7.520786189254962,0.23000209089693158,0.11631529343691892,1.0,7.0,0.44600041817938063,0.09958805369883414,1.0,7.0,0.5,0.09560904117001523
2024,15,DEN,IND,2024-12-15,8.930696232859301,44.39159506227101,0.7478099423891634,4.5,43.67831901245421,0.6895869860742176,4.5,43.5,0.6750312469954812,18.0,44.0,1.0,9.069303767140699,0.3915950622710085,0.06359982515775707,1.0,13.5,0.3216809875457898,0.09635623921448795,1.0,13.5,0.5,0.10560469042931193
2024,15,DET,BUF,2024-12-15,1.1872486426353213,50.57461202003046,0.5353607857390317,2.5,54.5149224040061,0.5412669881617229,2.5,55.5,0.5427435387673957,-6.0,90.0,0.0,7.187248642635321,39.42538797996954,0.28661117090711336,0.0,8.5,35.4850775959939,0.2929699524736627,0.0,8.5,34.5,0.29457054887375556
2024,15,LAC,TB,2024-12-15,-1.0205659833857295,47.01598094471491,0.4695932478754954,3.0,46.20319618894299,0.5686144529026382,3.0,46.0,0.593369754159424,-23.0,57.0,1.0,21.97943401661427,9.984019055285088,0.22051781845025645,0.0,26.0,10.79680381105701,0.3233223960497666,0.0,26.0,11.0,0.3520876651512152
2024,15,PHI,PIT,2024-12-15,5.459449036022659,45.68548524478797,0.6584075416424191,5.5,43.53709704895759,0.6882974699871628,5.5,43.0,0.6957699520733487,14.0,40.0,1.0,8.540550963977342,5.685485244787969,0.11668540760677563,1.0,8.5,3.537097048957591,0.09715846721640368,1.0,8.5,3.0,0.09255592206145255
2024,15,SEA,GB,2024-12-15,-1.94914475596412,47.349962774856316,0.4420758579933703,-3.0,47.86999255497127,0.413719368271135,-3.0,48.0,0.4066302458405761,-17.0,43.0,1.0,15.05085524403588,4.349962774856316,0.1954310642205745,1.0,14.0,4.869992554971269,0.171163715682667,1.0,14.0,5.0,0.16534815683236737
2024,15,MIN,CHI,2024-12-16,9.702134657510003,46.71782435617869,0.7658606911136427,7.0,44.14356487123574,0.7400059940221017,7.0,43.5,0.7335423197492164,18.0,42.0,1.0,8.297865342489997,4.717824356178689,0.05482121596578102,1.0,11.0,2.143564871235739,0.06759688314443545,1.0,11.0,1.5,0.07099969536462886
2024,15,LV,ATL,2024-12-16,-0.8514291891435393,46.289849274533594,0.4746250340527824,-6.5,44.85796985490672,0.29966979473291455,-6.5,44.5,0.2559309849029475,-6.0,24.0,1.0,5.1485708108564605,22.289849274533594,0.22526892294960485,1.0,0.5,20.85796985490672,0.08980198587526714,1.0,0.5,20.5,0.06550066903339276
2024,16,LAC,DEN,2024-12-19,-6.141389418733021,42.34275495752248,0.323081420067985,3.0,41.6685509915045,0.5222639924619681,3.0,41.5,0.5720596355604638,7.0,61.0,0.0,13.14138941873302,18.65724504247752,0.45821876385717575,1.0,4.0,19.331449008495497,0.2282316928983785,1.0,4.0,19.5,0.18313295551664305
2024,16,KC,HOU,2024-12-21,5.990295080656929,43.132563073318856,0.6728527712017204,3.5,42.626512614663774,0.627721239171851,3.5,42.5,0.6164383561643836,8.0,46.0,1.0,2.009704919343071,2.867436926681144,0.10702530931039392,1.0,4.5,3.373487385336226,0.1385914757637422,1.0,4.5,3.5,0.14711953462188027
2024,16,BAL,PIT,2024-12-21,11.023794979763473,47.84797665374064,0.7950539040428282,7.0,45.16959533074813,0.7542659928862077,7.0,44.5,0.7440690150970525,17.0,51.0,1.0,5.976205020236527,3.1520233462593623,0.04200290224808629,1.0,10.0,5.83040466925187,0.06038520225220134,1.0,10.0,6.5,0.06550066903339276
2024,16,ATL,NYG,2024-12-22,7.211939794717001,45.23865559781626,0.7051008277580247,9.5,43.04773111956325,0.7905136532505919,9.5,42.5,0.8118668596237336,27.0,41.0,1.0,19.788060205283,4.238655597816262,0.08696552178900219,1.0,17.5,2.0477311195632524,0.043884529474413264,1.0,17.5,1.5,0.03539407850783595
2024,16,CAR,ARI,2024-12-22,-5.853918095809842,47.51044010422879,0.3308347209986754,-5.5,47.10208802084576,0.3217224997552906,-5.5,47.0,0.3194444444444444,6.0,66.0,0.0,11.853918095809842,18.489559895771208,0.4477821706209206,0.0,11.5,18.897911979154237,0.4600603673382118,0.0,11.5,19.0,0.4631558641975309
2024,16,CHI,DET,2024-12-22,-8.96325674704631,48.668337678292986,0.25141362498717507,-7.0,47.7336675356586,0.2575854340669286,-7.0,47.5,0.2591283863368669,-17.0,51.0,1.0,8.03674325295369,2.3316623217070145,0.0632088108291919,1.0,10.0,3.266332464341403,0.066350255843448,1.0,10.0,3.5,0.06714752060554856
2024,16,CIN,CLE,2024-12-22,10.37963160418931,45.57660293187332,0.7811045327689394,10.0,46.31532058637467,0.8100280131527726,10.0,46.5,0.817258883248731,18.0,30.0,1.0,7.62036839581069,15.576602931873317,0.04791522557430431,1.0,8.0,16.315320586374668,0.03608935578668313,1.0,8.0,16.5,0.03339431575150094
2024,16,IND,TEN,2024-12-22,3.269905853213805,42.474083836141155,0.5965556194879382,4.0,42.49481676722823,0.6288344692528856,4.0,42.5,0.6369041816941223,8.0,68.0,1.0,4.730094146786195,25.525916163858845,0.1627673681667613,1.0,4.0,25.50518323277177,0.13776385121478715,1.0,4.0,25.5,0.13183857327121493
2024,16,NYJ,LA,2024-12-22,0.6826739543718348,48.715693397710716,0.5203504932266209,-3.0,47.34313867954214,0.4293742953177851,-3.0,47.0,0.4066302458405761,-10.0,28.0,0.0,10.682673954371834,20.715693397710716,0.2707646358011876,1.0,7.0,19.343138679542143,0.18436228547964453,1.0,7.0,19.0,0.16534815683236737
2024,16,WAS,PHI,2024-12-22,-2.422537970865066,47.49497984302711,0.42814582498163717,-4.0,47.09899596860542,0.3596489840398432,-4.0,47.0,0.34252477380439467,3.0,69.0,0.0,5.422537970865066,21.50502015697289,0.3270171974859323,0.0,7.0,21.901004031394578,0.41004942364120506,0.0,7.0,22.0,0.4322736730609625
2024,16,SEA,MIN,2024-12-22,-3.432836737527076,44.76669706400234,0.3987354584872796,-2.5,43.353339412800466,0.42209938324908486,-2.5,43.0,0.42794036443953615,-3.0,51.0,1.0,0.43283673752707585,6.2333029359976635,0.15898996585506106,1.0,0.5,7.646660587199534,0.1781678893392578,1.0,0.5,8.0,0.18313295551664302
2024,16,BUF,NE,2024-12-22,13.898240751371347,51.42824610919618,0.8505888989192103,14.0,48.68564922183924,0.8741177797838422,14.0,48.0,0.8800000000000001,3.0,45.0,1.0,10.898240751371347,6.428246109196181,0.022323677126173957,1.0,11.0,3.685649221839242,0.01584633336654925,1.0,11.0,3.0,0.014399999999999972
2024,16,LV,JAX,2024-12-22,1.4078766303075425,45.83234197083294,0.5419096005054811,2.5,42.36646839416659,0.5425767511150128,2.5,41.5,0.5427435387673957,5.0,33.0,1.0,3.5921233696924575,12.832341970832942,0.20984681410904793,1.0,2.5,9.366468394166588,0.20923602862049695,1.0,2.5,8.5,0.20908347133896418
2024,16,MIA,SF,2024-12-22,1.7859047781893718,46.17014532209919,0.5531030906124814,-2.0,44.43402906441984,0.48464659214847033,-2.0,44.0,0.4675324675324675,12.0,46.0,1.0,10.214095221810629,0.17014532209918798,0.199716847620116,0.0,14.0,1.565970935580161,0.265589134984185,0.0,14.0,2.0,0.28352167313206283
2024,16,DAL,TB,2024-12-22,-5.083503899941466,45.929175236370575,0.3519663475071634,-4.5,47.18583504727412,0.34441308854494845,-4.5,47.5,0.34252477380439467,2.0,50.0,0.0,7.083503899941466,4.070824763629425,0.4199476147632065,0.0,6.5,2.814164952725882,0.4297941984711736,0.0,6.5,2.5,0.4322736730609625
2024,16,GB,NO,2024-12-23,8.378607670644705,46.588627154108586,0.7344548388633663,14.0,44.51772543082172,0.8410641961191301,14.0,44.0,0.8677165354330709,34.0,34.0,1.0,25.621392329355295,12.588627154108586,0.07051423260308078,1.0,20.0,10.51772543082172,0.025260589755258345,1.0,20.0,10.0,0.01749891499782998
2024,17,PIT,KC,2024-12-25,-3.9900847805569493,45.836823842967014,0.38274525568896506,-3.0,43.967364768593406,0.40185324781025394,-3.0,43.5,0.4066302458405761,-19.0,39.0,1.0,15.009915219443052,6.836823842967014,0.14649393075241124,1.0,16.0,4.967364768593406,0.16148603277564938,1.0,16.0,4.5,0.16534815683236737
2024,17,HOU,BAL,2024-12-25,-6.850043630507401,46.578354840975905,0.30429934955814697,-5.5,46.51567096819518,0.31641542546718493,-5.5,46.5,0.3194444444444444,-29.0,33.0,1.0,22.1499563694926,13.578354840975905,0.09259809414151132,1.0,23.5,13.515670968195181,0.10011872147357966,1.0,23.5,13.5,0.10204475308641973
2024,17,CHI,SEA,2024-12-26,-2.262990712367446,46.329895591767254,0.43283154861824047,-3.5,44.065979118353454,0.3818140346983701,-3.5,43.5,0.3690596562184025,-3.0,9.0,1.0,0.7370092876325538,37.329895591767254,0.18734314947926425,1.0,0.5,35.065979118353454,0.14578195709264818,1.0,0.5,34.5,0.13620502984804542
2024,17,NE,LAC,2024-12-28,1.3676177600150439,46.7549869868631,0.540715407490173,-6.0,42.950997397372625,0.3304796743956157,-6.0,42.0,0.27792074112197634,-33.0,47.0,0.0,34.367617760015044,0.24501301313689794,0.2923731518972638,1.0,27.0,4.049002602627375,0.10921681518863217,1.0,27.0,5.0,0.07723993834578859
2024,17,CIN,DEN,2024-12-28,2.1196143718911893,46.263473411769496,0.5629495571875862,3.5,49.6526946823539,0.5999788990041248,3.5,50.5,0.6092362344582594,6.0,54.0,1.0,3.8803856281088107,7.736526588230504,0.19101308956252697,1.0,2.5,4.3473053176460965,0.16001688124195218,1.0,2.5,3.5,0.15269632046036044
2024,17,LA,ARI,2024-12-28,2.2940648754313124,49.61851122244339,0.5680818269596217,6.5,48.323702244488686,0.7063136563224308,6.5,48.0,0.740871613663133,4.0,22.0,1.0,1.7059351245686876,27.618511222443388,0.18655330820253815,1.0,2.5,26.323702244488686,0.08625166846269929,1.0,2.5,26.0,0.06714752060554859
2024,17,BUF,NYJ,2024-12-29,9.98605857755676,51.41478712536177,0.7723195244729135,10.0,45.882957425072355,0.7978982483289263,10.0,44.5,0.8042929292929294,26.0,54.0,1.0,16.01394142244324,2.5852128746382306,0.051838398936240225,1.0,16.0,8.117042574927645,0.040845118028516335,1.0,16.0,9.5,0.03830125752474233
2024,17,JAX,TEN,2024-12-29,1.4094615027224053,46.81877440116451,0.5419566046783316,-1.0,39.7637548802329,0.5118551241916414,-1.0,38.0,0.5043297540699688,7.0,33.0,1.0,5.590538497277595,13.81877440116451,0.20980375199780218,0.0,8.0,6.763754880232902,0.23828541977795786,0.0,8.0,5.0,0.2456889927003376
2024,17,NO,LV,2024-12-29,2.18558875987299,43.16002582449988,0.5648917936805015,-2.0,38.63200516489998,0.48700433276207433,-2.0,37.5,0.4675324675324675,-15.0,35.0,0.0,17.18558875987299,8.160025824499883,0.3191027385675742,1.0,13.0,3.6320051648999794,0.23717322012903322,1.0,13.0,2.5,0.2185866081969978
2024,17,NYG,IND,2024-12-29,-5.14498455827001,43.16459423348373,0.35026203601396577,-7.5,41.032918846696745,0.2528481061275243,-7.5,40.5,0.22849462365591394,12.0,78.0,0.0,17.14498455827001,34.83540576651627,0.4221594218447171,0.0,19.5,36.967081153303255,0.5582359525172272,0.0,19.5,37.5,0.5952205457278298
2024,17,PHI,DAL,2024-12-29,9.556571196477083,45.53159587373747,0.7625104063162995,7.5,39.1063191747475,0.739335937062633,7.5,37.5,0.7335423197492164,34.0,48.0,1.0,24.443428803522917,2.468404126262527,0.05640130710804915,1.0,26.5,8.893680825252503,0.06794575370701562,1.0,26.5,10.5,0.07099969536462886
2024,17,TB,CAR,2024-12-29,11.721429852169507,48.348286185846675,0.8095488621922862,9.5,47.66965723716933,0.8019097724384573,9.5,47.5,0.7999999999999999,34.0,62.0,1.0,22.278570147830493,13.651713814153325,0.0362716358922528,1.0,24.5,14.330342762830668,0.03923973825538377,1.0,24.5,14.5,0.04000000000000003
2024,17,CLE,MIA,2024-12-29,-5.934323997248023,43.88999190300653,0.32865861414914516,-3.0,34.7779983806013,0.38272614607608674,-3.0,32.5,0.3962430290578221,-17.0,23.0,1.0,11.065676002751978,20.889991903006532,0.10801648465443668,1.0,14.0,11.777998380601304,0.14647930289025407,1.0,14.0,9.5,0.15700853807691806
2024,17,MIN,GB,2024-12-29,-2.5820520661812383,46.587607067464404,0.4234711819140412,-1.0,48.51752141349289,0.4812304331268332,-1.0,49.0,0.4956702459300312,2.0,52.0,0.0,4.582052066181238,5.412392932535596,0.3323854780835926,0.0,3.0,3.4824785865071135,0.26912186351377304,0.0,3.0,3.0,0.2543485008402752
2024,17,WAS,ATL,2024-12-29,3.3604082899322716,45.907271577354464,0.5991730373310399,3.5,46.3814543154709,0.6245868824914861,3.5,46.5,0.6309403437815976,6.0,54.0,1.0,2.6395917100677284,8.092728422645536,0.16066225400242395,1.0,2.5,7.618545684529103,0.14093500879746126,1.0,2.5,7.5,0.1362050298480454
2024,17,SF,DET,2024-12-30,-4.111118593967681,49.90557434572183,0.3792974295572065,-4.0,50.38111486914437,0.3406538690608897,-4.0,50.5,0.33099297893681046,-6.0,74.0,1.0,1.8888814060323194,24.09442565427817,0.14386654006870406,1.0,2.0,23.61888513085563,0.11604505850615378,1.0,2.0,23.5,0.10955635210546386
2024,18,BAL,CLE,2025-01-04,19.27094214677008,44.33138436120973,0.9251509319323329,19.5,42.86627687224195,0.9256830053775645,19.5,42.5,0.9258160237388724,25.0,45.0,1.0,5.7290578532299214,0.6686156387902713,0.005602382990598264,1.0,5.5,2.133723127758053,0.005523015689711102,1.0,5.5,2.5,0.005503262333911544
2024,18,PIT,CIN,2025-01-04,-4.591749231186282,47.896037409868654,0.3657029263760928,-2.5,48.37920748197374,0.4154928768268475,-2.5,48.5,0.42794036443953615,-2.0,36.0,1.0,2.5917492311862818,11.896037409868654,0.13373863036003797,1.0,0.5,12.379207481973737,0.17263433069384987,1.0,0.5,12.5,0.18313295551664302
2024,18,ATL,CAR,2025-01-05,8.513457169377817,47.87862185744553,0.7377496749377278,7.5,48.37572437148911,0.7555499349875456,7.5,48.5,0.7600000000000001,-6.0,82.0,0.0,14.513457169377817,34.12137814255447,0.5442745828707231,0.0,13.5,33.62427562851089,0.5708557042596845,0.0,13.5,33.5,0.5776000000000002
2024,18,DAL,WAS,2025-01-05,-4.213573052837422,46.82170317756928,0.376386335640886,-7.0,44.16434063551386,0.294675260439214,-7.0,43.5,0.27424749163879597,-4.0,42.0,1.0,0.21357305283742178,4.821703177569283,0.14166667365717373,1.0,3.0,2.1643406355138595,0.08683350911491859,1.0,3.0,1.5,0.07521168667017146
2024,18,GB,CHI,2025-01-05,13.590310907288982,46.25965307985929,0.8451717733306142,10.0,42.45193061597186,0.7862386557413916,10.0,41.5,0.771505376344086,-2.0,46.0,0.0,15.590310907288982,0.25965307985929087,0.7143153264348151,0.0,12.0,3.548069384028139,0.6181712237820305,0.0,12.0,4.5,0.5952205457278298
2024,18,IND,JAX,2025-01-05,2.565398454968162,47.1923114166346,0.5760412668278543,3.5,45.83846228332692,0.6083589382970778,3.5,45.5,0.6164383561643836,3.0,49.0,1.0,0.4346015450318381,1.8076885833653975,0.17974100743293064,1.0,0.5,3.161537716673081,0.15338272121179214,1.0,0.5,3.5,0.14711953462188027
2024,18,NE,BUF,2025-01-05,-12.721784578785517,49.132474106595055,0.1707979972959649,-3.0,39.02649482131901,0.3544485819998312,-3.0,36.5,0.4003612281757977,7.0,39.0,0.0,19.721784578785517,10.132474106595055,0.6875759612883826,0.0,10.0,0.026494821319012374,0.41673663328202865,0.0,10.0,2.5,0.35956665667483767
2024,18,PHI,NYG,2025-01-05,14.672357963238833,45.95966384156457,0.8636424817584238,3.0,38.39193276831292,0.6391226091889701,3.0,36.5,0.5829926410466066,7.0,33.0,1.0,7.672357963238833,12.95966384156457,0.018593372781001774,1.0,4.0,5.39193276831292,0.1302324911985768,1.0,4.0,3.5,0.17389513742128426
2024,18,TB,NO,2025-01-05,14.383912911556296,47.119567752529605,0.8588728107464234,14.5,45.023913550505924,0.8727166886634167,14.5,44.5,0.8761776581426649,8.0,46.0,1.0,6.383912911556296,1.1195677525296048,0.019916883546614823,1.0,6.5,0.9760864494940762,0.0162010413448056,1.0,6.5,1.5,0.015331972343034758
2024,18,TEN,HOU,2025-01-05,1.794364254818379,44.62583157252825,0.5533531279478251,2.5,38.125166314505655,0.5614642763832158,2.5,36.5,0.5634920634920635,-9.0,37.0,0.0,10.79436425481838,7.625831572528249,0.3061996842096421,0.0,11.5,1.1251663145056554,0.3152421336545282,0.0,11.5,0.5,0.3175233056185437
2024,18,ARI,SF,2025-01-05,2.6931246293995246,50.237461266002235,0.5797775481044913,4.5,44.047492253200446,0.6207077846461764,4.5,42.5,0.6309403437815976,23.0,71.0,1.0,20.306875370600476,20.762538733997765,0.17658690907707308,1.0,18.5,26.952507746799554,0.14386258462801133,1.0,18.5,28.5,0.1362050298480454
2024,18,DEN,KC,2025-01-05,-0.13712522751658462,46.88200468955293,0.4959105976646197,10.5,41.77640093791059,0.7358028212260641,10.5,40.5,0.7957758771164253,38.0,38.0,0.0,38.137125227516584,8.882004689552929,0.254106125546841,1.0,27.5,3.776400937910587,0.06980014927210704,1.0,27.5,2.5,0.04170749236756543
2024,18,LA,SEA,2025-01-05,4.973625164791681,45.738707575520955,0.6449802929206687,-7.5,39.94774151510419,0.3283460044129528,-7.5,38.5,0.2491874322860238,-5.0,55.0,0.0,9.973625164791681,9.261292424479045,0.4159995782560316,1.0,2.5,15.052258484895809,0.10781109861395083,1.0,2.5,16.5,0.062094376409301696
2024,18,LV,LAC,2025-01-05,-1.0657058082089332,43.05207962478227,0.468251134150747,-7.0,42.610415924956456,0.2983950147525074,-7.0,42.5,0.2559309849029475,-14.0,54.0,1.0,12.934294191791066,10.947920375217727,0.21925912463346084,1.0,7.0,11.389584075043544,0.08903958482914912,1.0,7.0,11.5,0.06550066903339276
2024,18,NYJ,MIA,2025-01-05,-1.7103628641549478,46.25698405314758,0.44913063141572374,1.5,40.85139681062952,0.5106953944925205,1.5,39.5,0.5260865852617197,12.0,52.0,0.0,13.710362864154948,5.743015946852417,0.3034570612444392,1.0,10.5,11.148603189370483,0.23941899697083008,1.0,10.5,12.5,0.22459392466889727
2024,18,DET,MIN,2025-01-05,4.541749546200018,50.851859918562646,0.6328903471487393,3.0,55.37037198371253,0.5842257778781189,3.0,56.5,0.5720596355604638,22.0,40.0,1.0,17.458250453799984,10.851859918562646,0.13476949721657316,1.0,19.0,15.37037198371253,0.1728682037810553,1.0,19.0,16.5,0.18313295551664305
2024,19,HOU,LAC,2025-01-11,-3.136612345397939,44.318694391598214,0.40730721393159947,-3.0,42.06373887831965,0.4067656394587808,-3.0,41.5,0.4066302458405761,20.0,44.0,0.0,23.13661234539794,0.3186943915982141,0.35128473865752285,0.0,23.0,1.936261121680353,0.3519270065267492,0.0,23.0,2.5,0.3520876651512151
2024,19,BAL,PIT,2025-01-11,17.665958999809927,46.077449959743426,0.906685628830068,9.5,44.81548999194869,0.8247714692003572,9.5,44.5,0.8042929292929294,14.0,42.0,1.0,3.665958999809927,4.077449959743426,0.00870757186683984,1.0,4.5,2.815489991948688,0.03070503800620138,1.0,4.5,2.5,0.03830125752474233
2024,19,BUF,DEN,2025-01-12,1.2447217438977902,48.50783445626228,0.5370677330017447,7.5,48.50156689125246,0.7288800715737815,7.5,48.5,0.7768331562167907,24.0,38.0,1.0,22.75527825610221,10.50783445626228,0.21430628382814393,1.0,16.5,10.501566891252459,0.07350601558983783,1.0,16.5,10.5,0.049803440164159336
2024,19,PHI,GB,2025-01-12,3.499276097836356,45.435172049828324,0.6031805474652021,5.5,45.487034409965666,0.6689507162346136,5.5,45.5,0.6853932584269663,12.0,32.0,1.0,8.500723902163644,13.435172049828324,0.15746567791001673,1.0,6.5,13.487034409965666,0.10959362828157536,1.0,6.5,13.5,0.09897740184320161
2024,19,TB,WAS,2025-01-12,7.2386464161904005,49.51442562601096,0.7057891933889767,3.0,51.10288512520219,0.6158536420053345,3.0,51.5,0.593369754159424,-3.0,43.0,0.0,10.2386464161904,6.514425626010961,0.4981383855046624,0.0,6.0,8.102885125202192,0.37927570837123475,0.0,6.0,8.5,0.3520876651512152
2024,19,LA,MIN,2025-01-13,1.0946039679990616,47.06112896087562,0.532607888023989,-2.5,47.41222579217512,0.455727926811147,-2.5,47.5,0.43650793650793646,18.0,36.0,1.0,16.905396032000937,11.061128960875621,0.21845538633739606,0.0,20.5,11.412225792175121,0.29623208965329223,0.0,20.5,11.5,0.3175233056185437
2024,20,KC,HOU,2025-01-18,1.2471208352065672,43.721973593543225,0.5371389712358745,9.5,41.94439471870865,0.7569212819461619,9.5,41.5,0.8118668596237336,9.0,37.0,1.0,7.752879164793432,6.721973593543225,0.2142403319485846,1.0,0.5,4.944394718708651,0.059087263170697304,1.0,0.5,4.5,0.03539407850783595
2024,20,DET,WAS,2025-01-18,5.854793123011738,50.71660296638231,0.6691889917168643,8.5,54.54332059327647,0.7772721417777164,8.5,55.5,0.8042929292929294,-14.0,76.0,0.0,19.85479312301174,25.28339703361769,0.44781390663503345,0.0,22.5,21.45667940672353,0.6041519823837185,0.0,22.5,20.5,0.6468871161106011
2024,20,PHI,LA,2025-01-19,5.848719683582179,46.149997272292225,0.6690243911368371,7.0,44.02999945445845,0.7206387340267405,7.0,43.5,0.7335423197492164,6.0,50.0,1.0,0.1512803164178207,3.850002727707775,0.1095448536623414,1.0,1.0,5.970000545541552,0.07804271692618224,1.0,1.0,6.5,0.07099969536462886
2024,20,BUF,BAL,2025-01-19,-1.927949392291872,50.57217183696954,0.4427013628415897,-1.5,51.314434367393915,0.47464897199530176,-1.5,51.5,0.4826358742837298,2.0,52.0,0.0,3.927949392291872,1.427828163030462,0.3105817709786215,0.0,3.5,0.6855656326060853,0.27599370262559325,0.0,3.5,0.5,0.26766563857816067
2024,21,PHI,WAS,2025-01-26,3.8658926093385135,48.152503684735294,0.6137072647101506,6.0,46.83050073694706,0.6710560596836032,6.0,46.5,0.6853932584269663,32.0,78.0,1.0,28.134107390661487,29.847496315264706,0.14922207733771367,1.0,26.0,31.16949926305294,0.10820411587087725,1.0,26.0,31.5,0.09897740184320161
2024,21,KC,BUF,2025-01-26,-4.845934464700304,50.06913424896484,0.3585797541204677,1.5,49.61382684979297,0.48560725139710964,1.5,49.5,0.5173641257162701,3.0,61.0,0.0,7.845934464700304,10.930865751035157,0.41141993182415965,1.0,1.5,11.386173150207028,0.2645998998152363,1.0,1.5,11.5,0.23293738714562032
2024,22,PHI,KC,2025-02-09,8.087133865371678,48.62782261558665,0.7272621035108813,-1.5,48.52556452311734,0.5280611163543502,-1.5,48.5,0.4782608695652174,18.0,62.0,1.0,9.912866134628322,13.372177384413348,0.07438596018130925,0.0,19.5,13.474435476882661,0.22272630989670222,0.0,19.5,13.5,0.2722117202268431
2025,1,PHI,DAL,2025-09-04,11.985690465589679,45.340793446235516,0.8148709008923337,8.5,47.068158689247106,0.7844407051518993,8.5,47.5,0.7768331562167907,4.0,44.0,1.0,7.985690465589679,1.3407934462355158,0.034272783336416125,1.0,4.5,3.068158689247106,0.04646580959541039,1.0,4.5,3.5,0.049803440164159336
2025,1,LAC,KC,2025-09-05,4.796043988739152,45.4690818228661,0.640025921647193,-3.0,47.09381636457322,0.44061619676283126,-3.0,47.5,0.39076376554174075,6.0,48.0,1.0,1.203956011260848,2.5309181771338984,0.12958133708595285,0.0,9.0,0.9061836354267783,0.3129102393240795,0.0,9.0,0.5,0.371168789376879
2025,1,ATL,TB,2025-09-07,-5.200895424923865,50.16233789908557,0.3487147377941645,-1.5,48.032467579817116,0.46107555860975385,-1.5,47.5,0.4891657638136511,-3.0,43.0,1.0,2.200895424923865,7.162337899085571,0.1216019683548529,1.0,1.5,5.032467579817116,0.21259067074729657,1.0,1.5,4.5,0.2392831444873927
2025,1,CLE,CIN,2025-09-07,-9.544313096860469,43.58765322909155,0.23777292209414547,-5.5,46.717530645818314,0.30752958682244413,-5.5,47.5,0.3249687530045188,-1.0,33.0,1.0,8.544313096860469,10.58765322909155,0.05653596248118857,1.0,4.5,13.717530645818314,0.09457444677118321,1.0,4.5,14.5,0.10560469042931193
2025,1,IND,MIA,2025-09-07,0.08023426533541955,45.31571487264324,0.5023928052985746,1.5,47.063142974528645,0.50394236431569,1.5,47.5,0.5043297540699688,25.0,41.0,1.0,24.91976573466458,4.315714872643241,0.24761292021862233,1.0,23.5,6.063142974528645,0.24607317792070768,1.0,23.5,6.5,0.2456889927003376
2025,1,JAX,CAR,2025-09-07,4.368951164358566,50.61578890091203,0.6280150710055061,4.5,46.5231577801824,0.6413863572412876,4.5,45.5,0.644729178800233,16.0,36.0,1.0,11.631048835641433,14.61578890091203,0.13837278739903863,1.0,11.5,10.523157780182402,0.12860374477267342,1.0,11.5,9.5,0.12621735639595685
2025,1,NE,LV,2025-09-07,-0.6316074506314504,44.04283269199359,0.48117062133311506,2.5,44.408566538398716,0.5626282371039083,2.5,44.5,0.5829926410466066,-7.0,33.0,1.0,6.36839254936855,11.042832691993588,0.231525166834096,0.0,9.5,11.408566538398716,0.31655053318665166,0.0,9.5,11.5,0.33988041951449754
2025,1,NO,ARI,2025-09-07,-5.5592061436474705,48.09548674258534,0.3388593265992538,-6.0,45.21909734851707,0.30764220567641476,-6.0,44.5,0.299837925445705,-7.0,33.0,1.0,1.4407938563525295,15.095486742585337,0.11482564322329973,1.0,1.0,12.219097348517067,0.09464372671344948,1.0,1.0,11.5,0.08990278153558413
2025,1,NYJ,PIT,2025-09-07,4.4980689547128145,47.149000852582965,0.6316599439830548,-3.0,39.42980017051659,0.45993787595932567,-3.0,37.5,0.4170073589533933,-2.0,66.0,0.0,6.4980689547128145,18.850999147417035,0.39899428483267596,1.0,1.0,26.570199829483407,0.21154284974197604,1.0,1.0,28.5,0.1738951374212842
2025,1,WAS,NYG,2025-09-07,6.907749624554904,48.28610023697657,0.6972084708239155,6.0,46.05722004739531,0.7138181113983432,6.0,45.5,0.7179705215419501,15.0,27.0,1.0,8.092250375445097,21.286100236976573,0.09168271014079166,1.0,9.0,19.05722004739531,0.08190007336361112,1.0,9.0,18.5,0.07954062671931965
2025,1,DEN,TEN,2025-09-07,9.63201719678573,46.34890058236611,0.7642501455741902,8.5,43.26978011647322,0.7822448417949533,8.5,42.5,0.7867435158501441,8.0,32.0,1.0,1.6320171967857302,14.348900582366113,0.05557799386179049,1.0,0.5,11.269780116473221,0.047417308924904894,1.0,0.5,10.5,0.04547832803195773
2025,1,SEA,SF,2025-09-07,2.374745321054493,48.30006113699666,0.5704515899568643,-2.5,44.46001222739934,0.47293742621813367,-2.5,43.5,0.448558885283451,-4.0,30.0,0.0,6.374745321054493,18.30006113699666,0.3254150164843144,1.0,1.5,14.46001222739934,0.22366980911783263,1.0,1.5,13.5,0.20120507356673215
2025,1,GB,DET,2025-09-07,1.3902530231353945,49.188667272286736,0.541386879919152,1.5,48.637733454457354,0.5256686803316566,1.5,48.5,0.5217391304347826,14.0,40.0,1.0,12.609746976864606,9.188667272286736,0.21032599391029028,1.0,12.5,8.637733454457354,0.2249902008183122,1.0,12.5,8.5,0.2287334593572779
2025,1,LA,HOU,2025-09-07,2.088170228562613,44.20502675432001,0.5620233280674733,3.5,43.641005350864006,0.5921156830728566,3.5,43.5,0.5996387718242023,5.0,23.0,1.0,2.911829771437387,21.20502675432001,0.1918235651570921,1.0,1.5,20.641005350864006,0.1663696159951224,1.0,1.5,20.5,0.16028911302643312
2025,1,BUF,BAL,2025-09-07,-4.1073806777049,51.607622850538256,0.3794037676407111,-1.5,50.72152457010766,0.4416859225142257,-1.5,50.5,0.4572564612326044,1.0,81.0,0.0,5.1073806777049,29.392377149461744,0.38513968361854445,0.0,2.5,30.27847542989234,0.3117146091187911,0.0,2.5,30.5,0.2945705488737554
2025,1,CHI,MIN,2025-09-08,-1.7629453017587478,43.70673868094612,0.44757563033621556,-1.5,43.54134773618923,0.48605132281126806,-1.5,43.5,0.4956702459300312,-3.0,51.0,1.0,1.2370546982412522,7.293261319053883,0.2003239448708607,1.0,1.5,7.4586522638107695,0.2362458884065835,1.0,1.5,7.5,0.2456889927003376
2025,2,GB,WAS,2025-09-11,4.590396012097371,48.3539910655136,0.6342590248706795,3.5,48.470798213102725,0.6248250464630749,3.5,48.5,0.6224665518611737,9.0,45.0,1.0,4.409603987902629,3.353991065513597,0.1337664608885462,1.0,5.5,3.470798213102725,0.1407562457614339,1.0,5.5,3.5,0.14253150446359183
2025,2,BAL,CLE,2025-09-14,18.34754639001496,45.81538029534184,0.9149013488553396,12.5,46.36307605906837,0.8733912286751776,12.5,46.5,0.863013698630137,24.0,58.0,1.0,5.6524536099850415,12.18461970465816,0.007241780426640614,1.0,11.5,11.63692394093163,0.01602978097638117,1.0,11.5,11.5,0.01876524676299493
2025,2,CIN,JAX,2025-09-14,4.422652233442731,47.36408925132511,0.6295324165764031,3.5,49.072817850265025,0.6306587583405587,3.5,49.5,0.6309403437815976,4.0,58.0,1.0,0.4226522334427312,10.635910748674888,0.1372462303677197,1.0,0.5,8.927182149734975,0.1364129527905378,1.0,0.5,8.5,0.1362050298480454
2025,2,DAL,NYG,2025-09-14,4.832985020340836,45.58508411003586,0.6410585188684559,4.5,44.717016822007174,0.6682367013700762,4.5,44.5,0.6750312469954812,3.0,77.0,1.0,1.8329850203408364,31.414915889964142,0.12883898687690665,1.0,1.5,32.282983177992826,0.11006688631780802,1.0,1.5,32.5,0.10560469042931193
2025,2,DET,CHI,2025-09-14,8.585112657243581,47.867911881906984,0.7394919041759761,6.0,46.7735823763814,0.7080280404786312,6.0,46.5,0.7001620745542949,31.0,73.0,1.0,22.41488734275642,25.132088118093016,0.06786446798985882,1.0,25.0,26.2264176236186,0.08524762514674782,1.0,25.0,26.5,0.0899027815355842
2025,2,MIA,NE,2025-09-14,5.1301539944729235,45.2772993559186,0.6493271187467238,1.5,43.855459871183726,0.5558394497233708,1.5,43.5,0.5324675324675325,-6.0,60.0,0.0,11.130153994472924,14.7227006440814,0.4216257071399219,0.0,7.5,16.144540128816274,0.3089574938687797,0.0,7.5,16.5,0.28352167313206283
2025,2,NO,SF,2025-09-14,-4.363032661997767,47.93224961951836,0.3721522808756139,-3.0,41.98644992390367,0.394719438715761,-3.0,40.5,0.4003612281757977,-5.0,47.0,1.0,0.6369673380022327,0.9322496195183589,0.13849732016092184,1.0,2.0,5.01355007609633,0.1558034353000854,1.0,2.0,6.5,0.16028911302643317
2025,2,NYJ,BUF,2025-09-14,-2.3306402585361683,52.15868850513886,0.43084356430766774,-6.0,48.43173770102777,0.31532772865294006,-6.0,47.5,0.28644876973925815,-20.0,40.0,1.0,17.669359741463833,12.158688505138862,0.18562617690533542,1.0,14.0,8.431737701027771,0.0994315764574222,1.0,14.0,7.5,0.08205289768513453
2025,2,PIT,SEA,2025-09-14,0.09734310081162745,46.645046982257995,0.5029030293645211,3.5,41.7290093964516,0.6053328808981824,3.5,40.5,0.6309403437815976,-14.0,48.0,0.0,14.097343100811628,1.3549530177420053,0.2529114569440124,0.0,17.5,6.270990603548398,0.36642789669649306,0.0,17.5,7.5,0.39808571741124055
2025,2,TEN,LA,2025-09-14,-4.51066826591449,44.57296409510299,0.3679850170086175,-5.5,42.1145928190206,0.32528239666015046,-5.5,41.5,0.31460674157303364,-14.0,52.0,1.0,9.48933173408551,7.427035904897011,0.13541297274283254,1.0,8.5,9.8854071809794,0.10580863757697147,1.0,8.5,10.5,0.09897740184320157
2025,2,ARI,CAR,2025-09-14,9.052735704555873,50.44437770419963,0.7507135516257362,7.0,46.48887554083993,0.7307447170141105,7.0,45.5,0.725752508361204,5.0,49.0,1.0,4.052735704555873,1.4443777041996313,0.06214373334305451,1.0,2.0,2.5111244591600723,0.07249840741581144,1.0,2.0,3.5,0.0752116866701715
2025,2,IND,DEN,2025-09-14,-1.5889431607834184,44.90421476723999,0.4527242788045589,-2.5,43.780842953448,0.45635002474699526,-2.5,43.5,0.4572564612326044,1.0,57.0,0.0,2.588943160783418,12.095785232760008,0.29951071500999016,0.0,3.5,13.219157046551999,0.29555529559259264,0.0,3.5,13.5,0.2945705488737554
2025,2,KC,PHI,2025-09-14,-6.497522367845058,48.49006233378515,0.31358213049484596,-1.5,46.89801246675703,0.4418471578895934,-1.5,46.5,0.4739134147382802,-3.0,37.0,1.0,3.4975223678450584,11.490062333785147,0.0983337525656866,1.0,1.5,9.89801246675703,0.19522891093511127,1.0,1.5,9.5,0.22459392466889716
2025,2,MIN,ATL,2025-09-14,0.2911946778564132,46.158562247554514,0.5086835882168044,3.5,44.8317124495109,0.5948874025748677,3.5,44.5,0.6164383561643836,-16.0,28.0,0.0,16.291194677856414,18.158562247554514,0.2587589929211234,0.0,19.5,16.831712449510903,0.3538910217422727,0.0,19.5,16.5,0.37999624695064743
2025,2,HOU,TB,2025-09-15,-4.522962682525184,46.13492007909822,0.367638678375692,2.5,43.226984015819646,0.5146806274483776,2.5,42.5,0.551441114716549,-1.0,39.0,1.0,3.5229626825251836,7.134920079098222,0.13515819783782548,0.0,3.5,4.226984015819646,0.26489614827065566,0.0,3.5,3.5,0.30408730299983017
2025,2,LV,LAC,2025-09-15,-1.43341450035246,44.888526190877634,0.4573330687345957,-3.5,46.177705238175534,0.3819432683916214,-3.5,46.5,0.3630958183058778,-11.0,29.0,1.0,9.56658549964754,15.888526190877634,0.20915353575820245,1.0,7.5,17.177705238175534,0.14588066026967414,1.0,7.5,17.5,0.131838573271215
2025,3,BUF,MIA,2025-09-18,9.814290932815862,50.48356167204881,0.768424122779658,12.5,50.496712334409764,0.8356520376706857,12.5,50.5,0.8524590163934427,10.0,52.0,1.0,0.18570906718413838,1.5164383279511924,0.05362738691037092,1.0,2.5,1.5032876655902356,0.027010252721797696,1.0,2.5,1.5,0.021768341843590416
2025,3,CAR,ATL,2025-09-21,-4.598596269779938,48.911657222183756,0.3655104269756644,-5.5,45.38233144443675,0.3421835860419634,-5.5,44.5,0.33635187580853815,30.0,30.0,0.0,34.59859626977994,18.911657222183756,0.4025770182766037,0.0,35.5,15.382331444436751,0.43272243447261094,0.0,35.5,14.5,0.4404288327428459
2025,3,CLE,GB,2025-09-21,-10.499555792097427,42.853494031857466,0.21625789406152712,-8.5,41.7706988063715,0.2101622669528618,-8.5,41.5,0.20863836017569545,3.0,23.0,0.0,13.499555792097427,19.853494031857466,0.6142516886208723,0.0,11.5,18.7706988063715,0.6238436445450424,0.0,11.5,18.5,0.6262532449854122
2025,3,JAX,HOU,2025-09-21,3.87565078026962,45.08102156399642,0.6139863500397044,1.5,43.816204312799286,0.5487712959819669,1.5,43.5,0.5324675324675325,7.0,27.0,1.0,3.12434921973038,18.081021563996423,0.14900653795566965,1.0,5.5,16.816204312799286,0.2036073433297937,1.0,5.5,16.5,0.21858660819699774
2025,3,MIN,CIN,2025-09-21,-3.43346385417066,44.04987389782076,0.3987173619430824,3.0,42.00997477956415,0.5544392757161557,3.0,41.5,0.593369754159424,38.0,58.0,0.0,41.43346385417066,13.95012610217924,0.3615408108286862,1.0,35.0,15.990025220435847,0.19852435902434393,1.0,35.0,16.5,0.1653481568323673
2025,3,NE,PIT,2025-09-21,2.7102478322391392,48.16741246045349,0.5802779024785363,-1.5,45.2334824920907,0.49866427614788117,-1.5,44.5,0.4782608695652174,-7.0,35.0,0.0,9.710247832239139,13.167412460453491,0.33672244410488966,1.0,5.5,10.233482492090701,0.2486660603060903,1.0,5.5,9.5,0.2287334593572779
2025,3,PHI,LA,2025-09-21,4.207453812348494,46.44512068160714,0.6234399905096732,3.5,45.68902413632143,0.6342113434572325,3.5,45.5,0.6369041816941223,7.0,59.0,1.0,2.7925461876515056,12.554879318392857,0.14179744074735498,1.0,3.5,13.310975863678571,0.13380134125536272,1.0,3.5,13.5,0.13183857327121493
2025,3,TB,NYJ,2025-09-21,11.746793405020599,49.28675718968026,0.8100637068238519,6.5,44.65735143793606,0.7572679534424124,6.5,43.5,0.7440690150970525,2.0,56.0,1.0,9.746793405020599,6.713242810319741,0.03607579546549569,1.0,4.5,11.342648562063943,0.058918846426034885,1.0,4.5,12.5,0.06550066903339276
2025,3,TEN,IND,2025-09-21,-5.370179937182858,46.36929428643625,0.34404530798593413,-6.0,44.073858857287256,0.32436461715274234,-6.0,43.5,0.3194444444444444,-21.0,61.0,1.0,15.629820062817142,14.63070571356375,0.11836717394713628,1.0,15.0,16.926141142712744,0.1052124048606451,1.0,15.0,17.5,0.10204475308641973
2025,3,WAS,LV,2025-09-21,4.610484490613197,45.77554298337487,0.6348237210375958,2.5,43.955108596674975,0.5933588570448045,2.5,43.5,0.5829926410466066,17.0,65.0,1.0,12.389515509386804,19.22445701662513,0.13335371471682766,1.0,14.5,21.044891403325025,0.16535701914390774,1.0,14.5,21.5,0.17389513742128426
2025,3,LAC,DEN,2025-09-21,0.8338541654279503,44.968317219209275,0.5248518663988303,2.5,45.39366344384185,0.5713644861170514,2.5,45.5,0.5829926410466066,3.0,43.0,1.0,2.16614583457205,1.9683172192092755,0.22576574886467501,1.0,0.5,2.3936634438418523,0.18372840376169944,1.0,0.5,2.5,0.17389513742128426
2025,3,SEA,NO,2025-09-21,6.581555906958867,45.00808143648791,0.6886417263281067,7.5,42.20161628729758,0.7434791439876661,7.5,41.5,0.7571884984025559,31.0,57.0,1.0,24.41844409304113,11.991918563512087,0.09694397458394159,1.0,23.5,14.798383712702417,0.06580294956930052,1.0,23.5,15.5,0.058957425308005615
2025,3,CHI,DAL,2025-09-21,-1.0685879634858455,46.50110716273241,0.4681654529508574,-1.5,48.90022143254649,0.46765906461614554,-1.5,49.5,0.4675324675324675,17.0,45.0,0.0,18.068587963485847,1.50110716273241,0.28284798543496664,0.0,18.5,3.9002214325464877,0.2833868714853571,0.0,18.5,4.5,0.28352167313206283
2025,3,SF,ARI,2025-09-21,1.573708714330825,49.37861036900933,0.5468245490173471,1.5,45.47572207380187,0.5353389357774955,1.5,44.5,0.5324675324675325,1.0,31.0,1.0,0.573708714330825,18.37861036900933,0.20536798937333084,1.0,0.5,14.475722073801869,0.21590990460439047,1.0,0.5,13.5,0.21858660819699774
2025,3,NYG,KC,2025-09-21,-1.1728820083156677e-05,47.923451488658216,0.49999965021239995,-6.0,45.18469029773165,0.313166074243107,-6.0,44.5,0.26645768025078376,-13.0,31.0,1.0,12.999988271179916,16.923451488658216,0.2499996502125223,1.0,7.0,14.184690297731649,0.0980729900568392,1.0,7.0,13.5,0.07099969536462891
2025,3,BAL,DET,2025-09-22,6.9408063805520985,51.803723129203675,0.6980707123729673,4.5,53.16074462584074,0.684058586919038,4.5,53.5,0.6805555555555556,-8.0,68.0,0.0,14.940806380552099,16.196276870796325,0.487302719472902,0.0,12.5,14.839255374159258,0.46793615033767105,0.0,12.5,14.5,0.4631558641975309
2025,4,ARI,SEA,2025-09-25,3.102838804602504,46.659694547374386,0.5917125829011471,-1.5,44.13193890947488,0.49236849060620347,-1.5,43.5,0.4675324675324675,-3.0,43.0,0.0,6.102838804602504,3.659694547374386,0.35012378076354694,1.0,1.5,1.1319389094748828,0.24242673054183106,1.0,1.5,0.5,0.2185866081969978
2025,4,PIT,MIN,2025-09-28,-1.4146999866950207,42.283877809958085,0.4578880364539939,-2.5,41.65677556199162,0.4339298988424277,-2.5,41.5,0.42794036443953615,3.0,45.0,0.0,4.4146999866950205,2.716122190041915,0.29388538101970624,0.0,5.5,3.3432244380083773,0.3204353594245441,0.0,5.5,3.5,0.3272522266375708
2025,4,ATL,WAS,2025-09-28,0.6984322976733592,47.88076618617816,0.5208198271553237,2.5,44.376153237235634,0.5549576162247155,2.5,43.5,0.5634920634920635,7.0,61.0,1.0,6.301567702326641,13.119233813821843,0.22961363804745386,1.0,4.5,16.623846762764366,0.1980627233563876,1.0,4.5,17.5,0.19053917863441674
2025,4,BUF,NO,2025-09-28,12.859349284844342,49.93194145905001,0.8317993649409134,15.5,48.786388291810006,0.881065755341124,15.5,48.5,0.8933823529411765,12.0,50.0,1.0,0.8593492848443418,0.0680585409499912,0.02829145363428002,1.0,3.5,1.213611708189994,0.014145354552577382,1.0,3.5,1.5,0.011367322664359851
2025,4,DET,CLE,2025-09-28,14.050663706003787,46.71610644643865,0.85322295433001,10.0,44.943221289287735,0.820138078564989,10.0,44.5,0.8118668596237336,24.0,44.0,1.0,9.949336293996213,2.7161064464386513,0.021543501135610314,1.0,14.0,0.9432212892877345,0.03235031078229407,1.0,14.0,0.5,0.03539407850783595
2025,4,HOU,TEN,2025-09-28,8.825969188368536,43.66239953296525,0.7453040892044456,7.5,40.33247990659305,0.7745858582286113,7.5,39.5,0.7819063004846527,26.0,26.0,1.0,17.174030811631464,17.662399532965253,0.06487000697597702,1.0,18.5,14.33247990659305,0.050811535310531744,1.0,18.5,13.5,0.0475648617682906
2025,4,NE,CAR,2025-09-28,1.7951256295119256,47.72195136643962,0.5533756309133859,5.5,43.544390273287924,0.6672910878413562,5.5,42.5,0.6957699520733487,29.0,55.0,1.0,27.204874370488074,7.278048633560381,0.19947332706201606,1.0,23.5,11.455609726712076,0.11069522022978819,1.0,23.5,12.5,0.09255592206145255
2025,4,NYG,LAC,2025-09-28,-6.391180272200418,45.1379867592548,0.31640609220682236,-6.0,43.82759735185097,0.2956463636695802,-6.0,43.5,0.2904564315352697,3.0,39.0,0.0,9.391180272200419,6.137986759254801,0.46730063077194745,0.0,9.0,4.827597351850969,0.4961140450118853,0.0,9.0,4.5,0.5034520755496634
2025,4,TB,PHI,2025-09-28,3.293882160916837,47.36100463226668,0.5972494639038365,-3.5,45.072200926453334,0.42147665129182843,-3.5,44.5,0.3775334481388264,-6.0,56.0,0.0,9.293882160916837,8.638995367733322,0.3567069221334201,1.0,2.5,10.927799073546666,0.17764256758417354,1.0,2.5,11.5,0.14253150446359192
2025,4,LA,IND,2025-09-28,1.484090008141592,47.7879063073503,0.5441692624872543,3.5,49.157581261470064,0.6068070939863899,3.5,49.5,0.6224665518611737,7.0,47.0,1.0,5.515909991858408,0.7879063073502977,0.20778166126141367,1.0,3.5,2.157581261470064,0.15460066133942765,1.0,3.5,2.5,0.14253150446359183
2025,4,SF,JAX,2025-09-28,2.6253831271147545,46.92732565490406,0.577796827834539,3.5,45.78546513098081,0.6087100504984146,3.5,45.5,0.6164383561643836,-5.0,47.0,0.0,7.6253831271147545,0.0726743450959404,0.3338491742556559,0.0,8.5,1.2145348690191895,0.3705279255777825,0.0,8.5,1.5,0.37999624695064743
2025,4,KC,BAL,2025-09-28,-4.800352252582244,50.22273377424669,0.35985359843235765,-2.5,48.84454675484935,0.41432301123810045,-2.5,48.5,0.42794036443953615,17.0,57.0,0.0,21.800352252582243,6.7772662257533085,0.40978741544000125,0.0,19.5,8.155453245150653,0.3430175351652062,0.0,19.5,8.5,0.3272522266375708
2025,4,LV,CHI,2025-09-28,1.079974260848133,45.29450890329034,0.5321730263656744,1.5,47.05890178065807,0.532408631247161,1.5,47.5,0.5324675324675325,-1.0,49.0,0.0,2.0799742608481333,3.7054910967096575,0.2832081299912008,0.0,2.5,1.9410982193419315,0.2834589506264754,0.0,2.5,1.5,0.28352167313206283
2025,4,DAL,GB,2025-09-28,-6.6686026221573345,47.07880469275569,0.30906191346886536,-7.0,47.41576093855114,0.2665571706161311,-7.0,47.5,0.2559309849029475,0.0,80.0,1.0,6.6686026221573345,32.92119530724431,0.09551926635703642,1.0,7.0,32.58423906144886,0.07105272520687722,1.0,7.0,32.5,0.06550066903339276
2025,4,MIA,NYJ,2025-09-29,3.7282988051035053,48.00351646760378,0.6097658579521772,2.5,45.20070329352076,0.5796008800388065,2.5,44.5,0.5720596355604638,6.0,48.0,1.0,2.2717011948964947,0.0035164676037808817,0.15228268561980035,1.0,3.5,2.7992967064792396,0.17673542006414597,1.0,3.5,3.5,0.18313295551664305
2025,4,DEN,CIN,2025-09-29,7.896770400145041,44.645414352839495,0.7225128595660931,7.5,44.529082870567905,0.7775918837726623,7.5,44.5,0.7913616398243045,25.0,31.0,1.0,17.10322959985496,13.645414352839495,0.07699911310618676,1.0,17.5,13.529082870567905,0.04946537016379295,1.0,17.5,13.5,0.043529965336803235
2025,5,LA,SF,2025-10-02,3.6585132967341503,47.3294589075037,0.607762486739091,8.5,44.26589178150074,0.7470775377355403,8.5,43.5,0.7819063004846527,-3.0,49.0,0.0,6.65851329673415,1.6705410924963005,0.3693752402872837,0.0,11.5,4.734108218499259,0.5581248473889977,0.0,11.5,5.5,0.611377462737596
2025,5,CLE,MIN,2025-10-05,-4.183361710367856,39.239083661183,0.3772440245083014,-3.5,36.2478167322366,0.3659254595463625,-3.5,35.5,0.3630958183058778,-4.0,38.0,1.0,0.18336171036785576,1.2390836611830025,0.14231305402721992,1.0,0.5,1.7521832677633995,0.1339014419442166,1.0,0.5,2.5,0.131838573271215
2025,5,BAL,HOU,2025-10-05,5.44161000944509,46.63270296148717,0.6579179086505347,-2.5,42.52654059229744,0.4739358732817359,-2.5,41.5,0.42794036443953615,-34.0,54.0,0.0,39.44161000944509,7.367297038512831,0.43285597452309327,1.0,31.5,11.473459407702563,0.22461521198332166,1.0,31.5,12.5,0.18313295551664302
2025,5,CAR,MIA,2025-10-05,-0.24127063072813137,50.03489892586766,0.4928049966729392,-1.5,45.606979785173536,0.48116969498676176,-1.5,44.5,0.4782608695652174,3.0,51.0,0.0,3.241270630728131,0.9651010741323418,0.25724677139993724,0.0,4.5,5.393020214826464,0.2691848854001298,0.0,4.5,6.5,0.2722117202268431
2025,5,IND,LV,2025-10-05,7.416694178059339,45.5602519008823,0.7103593027515445,7.0,46.312050380176466,0.7427219147214899,7.0,46.5,0.7508125677139762,34.0,46.0,1.0,26.583305821940662,0.4397480991177005,0.08389173350257148,1.0,27.0,0.3120503801764656,0.06619201316457635,1.0,27.0,0.5,0.062094376409301696
2025,5,NO,NYG,2025-10-05,1.2379744124028926,45.585726332737444,0.5368673724519396,1.5,42.31714526654749,0.524764778838214,1.5,41.5,0.5217391304347826,12.0,40.0,1.0,10.762025587597108,5.585726332737444,0.21449183069957042,1.0,10.5,2.3171452665474916,0.2258485154326916,1.0,10.5,1.5,0.2287334593572779
2025,5,NYJ,DAL,2025-10-05,1.6727603268076419,50.250606456555225,0.5497568818169922,1.5,48.85012129131105,0.5186187653124775,1.5,48.5,0.5108342361863488,-15.0,59.0,0.0,16.67276032680764,8.749393543444775,0.30223262910514237,0.0,16.5,10.149878708688952,0.26896542373423865,0.0,16.5,10.5,0.2609516168600904
2025,5,PHI,DEN,2025-10-05,0.9196968356850685,45.02993636342134,0.5274064476076533,3.5,44.605987272684274,0.631461470478015,3.5,44.5,0.6574752261956054,-4.0,38.0,0.0,4.919696835685069,7.029936363421342,0.2781575609781244,0.0,7.5,6.605987272684274,0.39874358869825705,0.0,7.5,6.5,0.4322736730609625
2025,5,ARI,TEN,2025-10-05,12.213072821833034,46.67894788648223,0.8193755165279195,7.5,42.53578957729645,0.7853416282790164,7.5,41.5,0.7768331562167907,-1.0,43.0,0.0,13.213072821833034,3.678947886482227,0.671376237085395,0.0,8.5,0.46421042270355173,0.6167614731079368,0.0,8.5,1.5,0.6034697525977408
2025,5,SEA,TB,2025-10-05,-1.2618064845767007,46.03480897960511,0.4624249814829769,3.5,44.806961795921026,0.5856356812281023,3.5,44.5,0.6164383561643836,-3.0,73.0,1.0,1.7381935154232993,26.96519102039489,0.21383686349953152,0.0,6.5,28.193038204078974,0.3429691511275034,0.0,6.5,28.5,0.37999624695064743
2025,5,CIN,DET,2025-10-05,-8.95198013766955,47.18093239501765,0.25168238205367843,-10.5,49.03618647900353,0.19652936981175093,-10.5,49.5,0.18274111675126903,-13.0,61.0,1.0,4.048019862330451,13.81906760498235,0.06334402143621376,1.0,2.5,11.963813520996467,0.038623793198603956,1.0,2.5,11.5,0.03339431575150094
2025,5,LAC,WAS,2025-10-05,4.152438683595805,47.444709351188266,0.6218774546407744,2.5,47.48894187023765,0.5907696037654402,2.5,47.5,0.5829926410466066,-17.0,37.0,0.0,21.152438683595804,10.444709351188266,0.3867315685904884,0.0,19.5,10.488941870237653,0.3490087247331752,0.0,19.5,10.5,0.33988041951449754
2025,5,BUF,NE,2025-10-05,8.79760595339175,50.954227645240024,0.7446231918973479,7.5,49.790845529048006,0.761646321992617,7.5,49.5,0.7659021045164341,-3.0,43.0,0.0,11.79760595339175,7.9542276452400245,0.5544636979113946,0.0,10.5,6.790845529048006,0.5801051198048811,0.0,10.5,6.5,0.5866060337027028
2025,5,JAX,KC,2025-10-06,1.6087558851768853,47.11965259754667,0.5478623889104457,-3.5,45.82393051950933,0.4000491324267914,-3.5,45.5,0.3630958183058778,3.0,59.0,1.0,1.3912441148231147,11.880347402453332,0.20442841936176906,0.0,6.5,13.176069480490668,0.3599410435018457,0.0,6.5,13.5,0.40564693665945945
2025,6,NYG,PHI,2025-10-09,-6.350472111591782,44.46768902033612,0.3174899672299571,-7.0,41.29353780406722,0.2507763098328441,-7.0,40.5,0.23409789548356585,17.0,51.0,0.0,23.35047211159178,6.532310979663883,0.465819944831765,0.0,24.0,9.70646219593278,0.5613361379076903,0.0,24.0,10.5,0.5866060337027028
2025,6,NYJ,DEN,2025-10-12,-6.784702252444812,47.84266504351339,0.3060107019162145,-7.5,44.368533008702684,0.2484804567700956,-7.5,43.5,0.23409789548356585,-2.0,24.0,1.0,4.784702252444812,23.842665043513392,0.09364254968725427,1.0,5.5,20.368533008702684,0.06174253739667534,1.0,5.5,19.5,0.05480182466983452
2025,6,BAL,LA,2025-10-12,0.2822794088618543,49.593659764982846,0.5084177699890317,-7.0,44.71873195299658,0.3034573899179837,-7.0,43.5,0.2522172949002217,-14.0,20.0,0.0,14.282279408861854,29.593659764982846,0.2584886288406199,1.0,7.0,24.718731952996578,0.0920863874958352,1.0,7.0,23.5,0.0636135638467854
2025,6,CAR,DAL,2025-10-12,-0.608247827469971,51.915612057841436,0.48186652561384635,-3.0,48.38312241156829,0.4089843175561619,-3.0,47.5,0.39076376554174075,3.0,57.0,0.0,3.608247827469971,5.084387942158564,0.2684622972794669,0.0,6.0,8.616877588431713,0.3492995368945558,0.0,6.0,9.5,0.371168789376879
2025,6,IND,ARI,2025-10-12,5.6998407855844855,47.760544677274694,0.6649793679384473,8.5,46.75210893545494,0.7660851854471331,8.5,46.5,0.7913616398243045,4.0,58.0,1.0,1.6998407855844855,10.239455322725306,0.1122388239069223,1.0,4.5,11.247891064545058,0.05471614046730211,1.0,4.5,11.5,0.043529965336803235
2025,6,JAX,SEA,2025-10-12,0.50600429430399,47.953042396421075,0.5150869249776121,-1.5,47.590608479284214,0.49434999604644336,-1.5,47.5,0.4891657638136511,-8.0,32.0,0.0,8.50600429430399,15.953042396421075,0.2653145402828922,1.0,6.5,15.590608479284214,0.24438191859111857,1.0,6.5,15.5,0.2392831444873927
2025,6,MIA,LAC,2025-10-12,-0.5614430890465314,47.326514507405896,0.48326104520912444,-3.5,45.86530290148118,0.3808688660016385,-3.5,45.5,0.35527082119976705,-2.0,56.0,1.0,1.4385569109534686,8.673485492594104,0.23354123781661543,1.0,1.5,10.13469709851882,0.14506109308937407,1.0,1.5,10.5,0.12621735639595685
2025,6,NO,NE,2025-10-12,-0.07779604112846994,47.036902291443255,0.49767990838519394,-3.5,46.60738045828865,0.3947837066517608,-3.5,46.5,0.3690596562184025,-6.0,44.0,1.0,5.92220395887153,3.036902291443255,0.24768529121029503,1.0,2.5,2.6073804582886524,0.15585417503770355,1.0,2.5,2.5,0.13620502984804542
2025,6,PIT,CLE,2025-10-12,6.318041798304108,43.52800470575446,0.6816454377616312,5.5,38.70560094115089,0.700355618960832,5.5,37.5,0.705033164260632,14.0,32.0,1.0,7.681958201695892,11.528004705754462,0.10134962729798341,1.0,8.5,6.705600941150891,0.08978675508834612,1.0,8.5,5.5,0.0870054341860953
2025,6,LV,TEN,2025-10-12,4.975646041835518,44.21825543320731,0.6450365348055264,3.5,42.04365108664147,0.6269805484500443,3.5,41.5,0.6224665518611737,10.0,30.0,1.0,5.024353958164482,14.218255433207311,0.1259990616228683,1.0,6.5,12.043651086641468,0.13914351123462979,1.0,6.5,11.5,0.14253150446359183
2025,6,GB,CIN,2025-10-12,12.458097056330477,46.86470708846032,0.8241519780995992,14.0,44.97294141769207,0.8625048142245709,14.0,44.5,0.8720930232558138,9.0,45.0,1.0,3.4580970563304767,1.864707088460321,0.03092252680628385,1.0,5.0,0.027058582307930124,0.018904926111419754,1.0,5.0,0.5,0.01636019469983778
2025,6,TB,SF,2025-10-12,5.19768564742671,50.0083870373679,0.6511965013797727,3.5,47.20167740747358,0.6349915753012326,3.5,46.5,0.6309403437815976,11.0,49.0,1.0,5.80231435257329,1.0083870373679034,0.12166388064971091,1.0,7.5,1.798322592526418,0.13323115010107572,1.0,7.5,2.5,0.1362050298480454
2025,6,KC,DET,2025-10-12,-1.635155040577321,49.73449833128703,0.4513560774324222,2.5,51.14689966625741,0.5410648662801353,2.5,51.5,0.5634920634920635,13.0,47.0,0.0,14.63515504057732,2.7344983312870283,0.3010101537703384,1.0,10.5,4.146899666257411,0.21062145696247012,1.0,10.5,4.5,0.19053917863441674
2025,6,ATL,BUF,2025-10-13,-2.3241795825064075,49.85563729256547,0.43103334621001566,-3.5,49.5711274585131,0.3704233262018168,-3.5,49.5,0.35527082119976705,10.0,38.0,0.0,12.324179582506407,11.855637292565468,0.3237230531249719,0.0,13.5,11.571127458513097,0.3963667881907839,0.0,13.5,11.5,0.4156757139964227
2025,6,WAS,CHI,2025-10-13,5.330918501147077,48.265505325249485,0.6548738156168056,5.5,49.2531010650499,0.6836090695666156,5.5,49.5,0.690792883054068,-1.0,49.0,0.0,6.330918501147077,0.7344946747505148,0.42885971438051385,0.0,6.5,0.25310106504989704,0.46732135999373386,0.0,6.5,0.5,0.47719480727815133
2025,7,CIN,PIT,2025-10-16,-3.077189033918472,46.923998946261186,0.4090322295532649,-5.5,45.78479978925223,0.33736200146620854,-5.5,45.5,0.3194444444444444,2.0,64.0,0.0,5.077189033918472,17.076001053738814,0.349242905706785,0.0,7.5,18.215200210747767,0.439089117100869,0.0,7.5,18.5,0.4631558641975309
2025,7,JAX,LA,2025-10-19,-1.8755029543978392,46.18595793970532,0.44424974146105184,-3.0,44.837191587941064,0.4091389308328486,-3.0,44.5,0.4003612281757977,-28.0,42.0,1.0,26.124497045602162,4.185957939705318,0.1973578327882114,1.0,25.0,2.8371915879410636,0.16739466472304645,1.0,25.0,2.5,0.16028911302643317
2025,7,CHI,NO,2025-10-19,4.480293553710544,45.73434677794275,0.6311588555135789,4.5,43.946869355588554,0.6571502704558853,4.5,43.5,0.6636481241914618,12.0,40.0,1.0,7.519706446289456,5.734346777942747,0.136043789866053,1.0,7.5,3.9468693555885537,0.11754593704847263,1.0,7.5,3.5,0.11313258435992231
2025,7,CLE,MIA,2025-10-19,-2.9993058678977382,45.58766917412802,0.4112957868195742,2.5,36.7175338348256,0.5399068658122859,2.5,34.5,0.5720596355604638,25.0,37.0,0.0,27.99930586789774,8.587669174128017,0.3465726506163843,1.0,22.5,0.28246616517439804,0.21168569212667393,1.0,22.5,2.5,0.18313295551664305
2025,7,KC,LV,2025-10-19,8.060920772880268,46.15506113167359,0.7266105331434637,13.5,44.83101222633472,0.8394953349751495,13.5,44.5,0.8677165354330709,31.0,31.0,1.0,22.939079227119734,15.155061131673591,0.07474180058810116,1.0,17.5,13.831012226334721,0.025761747494739466,1.0,17.5,13.5,0.01749891499782998
2025,7,MIN,PHI,2025-10-19,1.2396205835589342,43.909499174472394,0.5369162560129822,-2.5,43.581899834894486,0.4497355427542254,-2.5,43.5,0.42794036443953615,-6.0,50.0,0.0,7.239620583558934,6.090500825527606,0.2882790659709982,1.0,3.5,6.418100165105514,0.20226205841643768,1.0,3.5,6.5,0.18313295551664302
2025,7,NYJ,CAR,2025-10-19,-1.3814497654259743,49.15502425610817,0.45887425376359314,1.5,41.43100485122164,0.4952386540086937,1.5,39.5,0.5043297540699688,-7.0,19.0,1.0,5.618550234574026,30.15502425610817,0.21056558076709447,0.0,8.5,22.431004851221637,0.24526132442434265,0.0,8.5,20.5,0.2543485008402752
2025,7,TEN,NE,2025-10-19,-5.962016422043916,45.735076790080996,0.3279104842184969,-6.5,41.547015358016196,0.2947411126351059,-6.5,40.5,0.28644876973925815,-18.0,44.0,1.0,12.037983577956084,1.7350767900809956,0.1075252856604091,1.0,11.5,2.4529846419838037,0.08687232347738018,1.0,11.5,3.5,0.08205289768513453
2025,7,DEN,NYG,2025-10-19,9.971766141995206,44.059783601823646,0.7719968095219758,7.5,40.41195672036473,0.7758658868778278,7.5,39.5,0.7768331562167907,1.0,65.0,1.0,8.971766141995206,20.940216398176354,0.051985454868158185,1.0,6.5,24.588043279635272,0.050236100665062705,1.0,6.5,25.5,0.049803440164159336
2025,7,LAC,IND,2025-10-19,-1.8641075241297769,47.19039216044667,0.44458628266888134,2.5,48.23807843208934,0.5300701483070155,2.5,48.5,0.551441114716549,-14.0,62.0,1.0,12.135892475870223,14.80960783955333,0.19765696273733446,0.0,16.5,13.761921567910662,0.2809743621262214,0.0,16.5,13.5,0.30408730299983017
2025,7,ARI,GB,2025-10-19,-1.8470542193691306,49.10473002190161,0.4450899924251527,-7.0,45.420946004380326,0.2762963148718832,-7.0,44.5,0.23409789548356585,-4.0,50.0,1.0,2.152945780630869,0.8952699780983906,0.19810510135702247,1.0,3.0,4.579053995619674,0.07633965361178284,1.0,3.0,5.5,0.05480182466983452
2025,7,DAL,WAS,2025-10-19,1.3934994250090798,52.59169200520328,0.5414831744134708,1.5,54.11833840104066,0.5342706608567203,1.5,54.5,0.5324675324675325,22.0,66.0,1.0,20.60650057499092,13.408307994796722,0.21023767934594761,1.0,20.5,11.88166159895934,0.21690381733883607,1.0,20.5,11.5,0.21858660819699774
2025,7,SF,ATL,2025-10-19,-0.4591777746957322,48.05553908388506,0.48630866914030857,1.5,46.81110781677702,0.5059291227771407,1.5,46.5,0.5108342361863488,10.0,30.0,0.0,10.459177774695732,18.05553908388506,0.263878783400401,1.0,8.5,16.811107816777017,0.24410603171976566,1.0,8.5,16.5,0.23928314448739277
2025,7,DET,TB,2025-10-20,1.1246754479557772,51.50594455955648,0.53350162686537,6.0,53.9011889119113,0.6707268567815796,6.0,54.5,0.705033164260632,15.0,33.0,1.0,13.875324552044223,18.505944559556482,0.21762073213725652,1.0,9.0,20.901188911911298,0.10842080284493838,1.0,9.0,21.5,0.0870054341860953
2025,7,SEA,HOU,2025-10-20,-0.7189088180574623,45.40448856021129,0.4785703597132124,3.0,42.28089771204226,0.5754250894020043,3.0,41.5,0.5996387718242023,8.0,46.0,0.0,8.718908818057463,0.5955114397887087,0.27188886976960874,1.0,5.0,3.719102287957739,0.180263854709296,1.0,5.0,4.5,0.16028911302643312
2025,8,LAC,MIN,2025-10-23,2.867494220586524,45.6742881261841,0.584866607372958,3.0,45.53485762523682,0.5999788982283338,3.0,45.5,0.6037569709421778,27.0,47.0,1.0,24.132505779413478,1.325711873815898,0.1723357336740378,1.0,24.0,1.4651423747631824,0.1600168818626177,1.0,24.0,1.5,0.15700853807691809
2025,8,ATL,MIA,2025-10-26,7.231865847749225,46.59911029699593,0.7056144939334126,7.0,44.91982205939919,0.7393490628665051,7.0,44.5,0.7477827050997783,-24.0,44.0,0.0,31.231865847749226,2.5991102969959314,0.4978918140489059,0.0,31.0,0.9198220593991877,0.5466370367615794,0.0,31.0,0.5,0.559178974046342
2025,8,BAL,CHI,2025-10-26,0.48984971029509583,46.703559090845594,0.5146054818660887,2.5,45.74071181816912,0.5605688048215888,2.5,45.5,0.5720596355604638,14.0,46.0,1.0,13.510150289704905,0.7035590908455944,0.23560783823445197,1.0,11.5,0.25928818183088254,0.19309977529592695,1.0,11.5,0.5,0.18313295551664305
2025,8,CAR,BUF,2025-10-26,-3.0728337476888354,50.21500221817731,0.40915873011179843,-7.0,48.043000443635464,0.26911006240921237,-7.0,47.5,0.23409789548356585,-31.0,49.0,1.0,27.927166252311164,1.215002218177311,0.1674108664266995,1.0,24.0,0.9569995563645364,0.07242022568989018,1.0,24.0,1.5,0.05480182466983452
2025,8,CIN,NYJ,2025-10-26,3.9771744988682673,47.53836521888225,0.6168864214910748,5.5,44.307673043776454,0.6760115907414694,5.5,43.5,0.690792883054068,-1.0,77.0,0.0,4.977174498868267,29.461634781117752,0.3805488570200639,0.0,6.5,32.692326956223546,0.45699167081681197,0.0,6.5,33.5,0.47719480727815133
2025,8,HOU,SF,2025-10-26,4.160386082272369,44.15605662157116,0.6221033000159935,2.5,42.031211324314235,0.590814772840484,2.5,41.5,0.5829926410466066,11.0,41.0,1.0,6.839613917727631,3.1560566215711603,0.14280591585880226,1.0,8.5,1.031211324314235,0.1674325501255847,1.0,8.5,0.5,0.17389513742128426
2025,8,NE,CLE,2025-10-26,8.277839320004878,43.13945828352241,0.7319790868570686,7.0,41.02789165670448,0.7543958173714138,7.0,40.5,0.7600000000000001,19.0,45.0,1.0,10.722160679995122,1.8605417164775915,0.07183520988197079,1.0,12.0,3.972108343295517,0.06032141452465592,1.0,12.0,4.5,0.05759999999999994
2025,8,PHI,NYG,2025-10-26,5.842990604088067,46.64887079728347,0.6688690933477218,7.0,44.1297741594567,0.7417738186695445,7.0,43.5,0.7600000000000001,18.0,58.0,1.0,12.157009395911933,11.351129202716528,0.10964767734035977,1.0,11.0,13.870225840543299,0.06668076072450928,1.0,11.0,14.5,0.05759999999999994
2025,8,NO,TB,2025-10-26,-5.9905908295436525,46.42480906914575,0.32713925019618395,-4.5,46.48496181382915,0.33944766908275253,-4.5,46.5,0.34252477380439467,-20.0,26.0,1.0,14.009409170456347,20.424809069145752,0.10702008901892145,1.0,15.5,20.484961813829152,0.11522472004571387,1.0,15.5,20.5,0.11732322066975173
2025,8,DEN,DAL,2025-10-26,4.820214748456212,48.37296694362119,0.6407016729027716,3.5,50.87459338872424,0.6328926096058324,3.5,51.5,0.6309403437815976,20.0,68.0,1.0,15.179785251543787,19.627033056378806,0.12909528785486696,1.0,16.5,17.125406611275757,0.13476783608201579,1.0,16.5,16.5,0.1362050298480454
2025,8,IND,TEN,2025-10-26,16.375338279263797,47.152393203223774,0.8895498710346439,15.5,47.43047864064476,0.9045154787940849,15.5,47.5,0.9082568807339451,24.0,52.0,1.0,7.624661720736203,4.847606796776226,0.012199230988463797,1.0,8.5,4.569521359355242,0.009117293789922851,1.0,8.5,4.5,0.008416799932665581
2025,8,PIT,GB,2025-10-26,-1.9521269025951968,50.104478754064566,0.4419878622240671,-3.0,47.220895750812915,0.4220034596075281,-3.0,46.5,0.4170073589533933,-10.0,60.0,1.0,8.047873097404803,9.895521245935434,0.19535327035340092,1.0,7.0,12.779104249187085,0.17808691992072262,1.0,7.0,13.5,0.1738951374212842
2025,8,KC,WAS,2025-10-27,9.819816158601546,48.82125260313278,0.768550001137986,10.5,48.56425052062656,0.8257100002275972,10.5,48.5,0.84,21.0,35.0,1.0,11.180183841398454,13.821252603132777,0.053569101973226285,1.0,10.5,13.564250520626558,0.03037700402066416,1.0,10.5,13.5,0.02560000000000001
2025,9,MIA,BAL,2025-10-30,0.495267158998973,47.735714134466335,0.5147669364880113,-7.5,50.74714282689327,0.273558574617487,-7.5,51.5,0.2132564841498559,-22.0,34.0,0.0,22.495267158998974,13.735714134466335,0.26498499890125227,1.0,14.5,16.747142826893267,0.0748342937467512,1.0,14.5,17.5,0.04547832803195774
2025,9,CIN,CHI,2025-11-02,-1.8260462109405988,49.323844545797726,0.4457106355390909,-3.0,51.06476890915955,0.4144463237802791,-3.0,51.5,0.4066302458405761,-5.0,89.0,1.0,3.173953789059401,39.676155454202274,0.19865797063266033,1.0,2.0,37.93523109084045,0.17176575529498797,1.0,2.0,37.5,0.16534815683236737
2025,9,DET,MIN,2025-11-02,11.268290187123764,45.234402790788174,0.8002069283393316,9.5,47.04688055815764,0.8095348733668533,9.5,47.5,0.8118668596237336,-3.0,51.0,0.0,14.268290187123764,5.765597209211826,0.6403311281622682,0.0,12.5,3.953119441842361,0.6553467111970871,0.0,12.5,3.5,0.6591277977553032
2025,9,GB,CAR,2025-11-02,13.041076306995695,49.318639405863365,0.8351913837865583,12.5,44.663727881172676,0.8647126953619627,12.5,43.5,0.8720930232558138,-3.0,29.0,0.0,16.041076306995695,20.318639405863365,0.6975446475513062,0.0,15.5,15.663727881172676,0.7477280455201505,0.0,15.5,14.5,0.7605462412114654
2025,9,HOU,DEN,2025-11-02,0.48957214872412336,44.517178919654626,0.5145972097159515,1.5,41.30343578393092,0.5288934679172164,1.5,40.5,0.5324675324675325,-3.0,33.0,0.0,3.4895721487241236,11.517178919654626,0.26481028824744296,0.0,4.5,8.303435783930922,0.27972830040549956,0.0,4.5,7.5,0.28352167313206283
2025,9,NE,ATL,2025-11-02,6.869748131758247,45.92704218544537,0.696215892285361,5.5,45.58540843708907,0.6875577851986453,5.5,45.5,0.6853932584269663,1.0,47.0,1.0,5.869748131758247,1.072957814554627,0.09228478409997941,1.0,4.5,1.4145915629109282,0.09762013758997587,1.0,4.5,1.5,0.09897740184320161
2025,9,NYG,SF,2025-11-02,-0.9410719089648529,48.99029509038504,0.4719576254270244,-2.5,47.79805901807701,0.4367438166370338,-2.5,47.5,0.42794036443953615,-10.0,58.0,1.0,9.058928091035147,9.00970490961496,0.22274400019871549,1.0,7.5,10.201940981922988,0.190745161370683,1.0,7.5,10.5,0.18313295551664302
2025,9,PIT,IND,2025-11-02,-6.654821082005085,51.385110249436494,0.30942498759789905,-3.5,51.4770220498873,0.36391175603064096,-3.5,51.5,0.3775334481388264,7.0,47.0,0.0,13.654821082005085,4.385110249436494,0.4768938477541619,0.0,10.5,4.477022049887303,0.4046082541160228,0.0,10.5,4.5,0.38746460818593914
2025,9,TEN,LAC,2025-11-02,-10.257501679053782,45.79039656499911,0.22160047436930275,-10.0,44.758079312999826,0.17900022955399522,-10.0,44.5,0.16835016835016833,-7.0,47.0,1.0,3.2575016790537816,1.2096034350008935,0.0491067702407,1.0,3.0,2.2419206870001744,0.032041082180382985,1.0,3.0,2.5,0.02834177918353002
2025,9,LA,NO,2025-11-02,10.861959142545128,43.66465635520839,0.791599976083946,14.0,44.33293127104168,0.8678852126080936,14.0,44.5,0.8869565217391304,24.0,44.0,1.0,13.138040857454872,0.3353436447916067,0.04343056996821185,1.0,10.0,0.3329312710416801,0.017454317047608633,1.0,10.0,0.5,0.012778827977315693
2025,9,LV,JAX,2025-11-02,-3.406145607256648,43.29210682341705,0.3995058789368534,-2.5,43.45842136468342,0.44570634477345417,-2.5,43.5,0.4572564612326044,-1.0,59.0,1.0,2.406145607256648,15.70789317658295,0.15960494730510777,1.0,1.5,15.541578635316583,0.19865414577131318,1.0,1.5,15.5,0.20908347133896424
2025,9,BUF,KC,2025-11-02,0.549589867682188,49.1330847717906,0.5163857618730523,-2.5,52.62661695435813,0.46212426060137124,-2.5,53.5,0.448558885283451,7.0,49.0,1.0,6.450410132317812,0.13308477179059963,0.23388273131910808,0.0,9.5,3.626616954358127,0.2893103110336216,0.0,9.5,4.5,0.30408730299983017
2025,9,WAS,SEA,2025-11-02,-1.516210892832287,47.56226606702786,0.45487880405345354,-2.5,47.51245321340557,0.43332805236231964,-2.5,47.5,0.42794036443953615,-24.0,52.0,1.0,22.483789107167713,4.437733932972137,0.20691472637710018,1.0,21.5,4.487546786594429,0.18777320096412123,1.0,21.5,4.5,0.18313295551664302
2025,9,DAL,ARI,2025-11-03,1.5660006721807476,50.73636136352118,0.5465962502350248,3.5,52.94727227270424,0.5967082376136125,3.5,53.5,0.6092362344582594,-10.0,44.0,0.0,11.566000672180747,6.736361363521183,0.2987674607709898,0.0,13.5,8.94727227270424,0.3560607208359434,0.0,13.5,9.5,0.3711687893768792
2025,10,DEN,LV,2025-11-06,12.614847401477633,44.146447873228404,0.8271652838887938,9.5,42.829289574645685,0.8054330567777588,9.5,42.5,0.7999999999999999,3.0,17.0,1.0,9.614847401477633,27.146447873228404,0.029871839093241224,1.0,6.5,25.829289574645685,0.03785629539484684,1.0,6.5,25.5,0.04000000000000003
2025,10,IND,ATL,2025-11-09,8.668845871011998,47.81343363119008,0.7415202130927446,6.5,48.362686726238024,0.7289060493075121,6.5,48.5,0.725752508361204,6.0,56.0,1.0,2.6688458710119978,8.18656636880992,0.06681180023962015,1.0,0.5,7.6373132737619756,0.07349193010206105,1.0,0.5,7.5,0.0752116866701715
2025,10,CAR,NO,2025-11-09,5.155866743056997,45.65037375162652,0.65003931745793,5.5,39.9300747503253,0.6744523079360305,5.5,38.5,0.6805555555555556,-10.0,24.0,0.0,15.155866743056997,21.650373751626518,0.4225511142411715,0.0,15.5,15.930074750325304,0.4548859156802381,0.0,15.5,14.5,0.4631558641975309
2025,10,CHI,NYG,2025-11-09,7.174744497849298,50.286742365042414,0.7041408807753166,4.5,46.45734847300848,0.6668083571115477,4.5,45.5,0.6574752261956054,4.0,44.0,1.0,3.1747444978492982,6.286742365042414,0.08753261842840546,1.0,0.5,2.45734847300848,0.11101667089070591,1.0,0.5,1.5,0.11732322066975169
2025,10,HOU,JAX,2025-11-09,5.90951402969221,44.65585314118818,0.6706705436418527,-1.5,38.93117062823764,0.5254667197792915,-1.5,37.5,0.4891657638136511,7.0,65.0,1.0,1.0904859703077898,20.34414685881182,0.10845789082515282,0.0,8.5,26.068829371762362,0.22518183403702546,0.0,8.5,27.5,0.26095161686009055
2025,10,MIA,BUF,2025-11-09,-6.989251730874778,48.52907084105157,0.3006676521700913,-8.5,50.10581416821032,0.23073871775390298,-8.5,50.5,0.2132564841498559,17.0,43.0,0.0,23.989251730874777,5.5290708410515705,0.48906573272129245,0.0,25.5,7.105814168210323,0.5917629203629093,0.0,25.5,7.5,0.618965359732246
2025,10,MIN,BAL,2025-11-09,-4.14923603021223,46.08466847283271,0.3782135686108013,-4.5,48.016933694566546,0.3404370968716086,-4.5,48.5,0.33099297893681046,-8.0,46.0,1.0,3.85076396978777,0.0846684728327105,0.1430455034813173,1.0,3.5,2.0169336945665464,0.11589741692636903,1.0,3.5,2.5,0.10955635210546386
2025,10,NYJ,CLE,2025-11-09,2.853993261620688,42.97457034928065,0.5844730720667792,-1.5,38.59491406985613,0.48269978339943936,-1.5,37.5,0.4572564612326044,7.0,47.0,1.0,4.146006738379312,4.025429650719353,0.17266262783762004,0.0,8.5,8.40508593014387,0.267599514094987,0.0,8.5,9.5,0.2945705488737554
2025,10,TB,NE,2025-11-09,2.327577429217162,45.721001321408096,0.5690664672853678,2.5,47.944200264281626,0.5714610019054446,2.5,48.5,0.5720596355604638,-5.0,51.0,0.0,7.327577429217162,5.278998678591904,0.3238366441886486,0.0,7.5,3.0557997357183737,0.3265676766987745,0.0,7.5,2.5,0.32725222663757064
2025,10,SEA,ARI,2025-11-09,4.239180875230588,47.85674573441055,0.6243401835493778,7.0,45.171349146882115,0.7175653276403821,7.0,44.5,0.740871613663133,22.0,66.0,1.0,17.760819124769412,18.143254265589448,0.14112029769571516,1.0,15.0,20.828650853117885,0.07976934415088474,1.0,15.0,21.5,0.06714752060554859
2025,10,SF,LA,2025-11-09,-3.562214095889966,48.198104005710064,0.39500671411261234,-5.5,49.23962080114202,0.326367036379268,-5.5,49.5,0.30920711694593195,-16.0,68.0,1.0,12.437785904110033,19.801895994289936,0.15603030419404307,1.0,10.5,18.760379198857983,0.10651544243498645,1.0,10.5,18.5,0.09560904117001523
2025,10,WAS,DET,2025-11-09,-5.996174898020231,49.36921932210291,0.32698862012950947,-8.5,49.47384386442059,0.2360029113457866,-8.5,49.5,0.2132564841498559,-22.0,66.0,1.0,16.003825101979768,16.630780677897093,0.10692155769420064,1.0,13.5,16.526156135579413,0.05569737416368721,1.0,13.5,16.5,0.04547832803195774
2025,10,LAC,PIT,2025-11-09,7.2551775506714336,47.42607178845368,0.7062149126028903,3.0,45.885214357690735,0.6159387858481172,3.0,45.5,0.593369754159424,15.0,35.0,1.0,7.7448224493285664,12.426071788453683,0.08630967757692741,1.0,12.0,10.885214357690735,0.14750301621581835,1.0,12.0,10.5,0.1653481568323673
2025,10,GB,PHI,2025-11-10,5.088709936008294,49.949535482440794,0.6481780854299298,1.5,46.38990709648816,0.5296356170859859,1.5,45.5,0.5,-3.0,17.0,0.0,8.088709936008293,32.949535482440794,0.42013483043160943,0.0,4.5,29.38990709648816,0.2805138868860531,0.0,4.5,28.5,0.25
2025,11,NE,NYJ,2025-11-13,10.261665409746257,46.98257929685923,0.7784920598679876,12.5,44.19651585937185,0.8498716403200544,12.5,43.5,0.8677165354330709,13.0,41.0,1.0,2.738334590253743,5.982579296859228,0.049065767541527174,1.0,0.5,3.19651585937185,0.02253852438019113,1.0,0.5,2.5,0.01749891499782998
2025,11,MIA,WAS,2025-11-16,6.437533372276249,50.53816520494912,0.6848261642852755,2.5,48.107633040989825,0.5946129413054262,2.5,47.5,0.5720596355604638,3.0,29.0,1.0,3.437533372276249,21.538165204949117,0.09933454671913212,1.0,0.5,19.107633040989825,0.16433866735703784,1.0,0.5,18.5,0.18313295551664305
2025,11,ATL,CAR,2025-11-16,4.825703006080107,46.719466299087486,0.6408550490355567,4.5,43.3438932598175,0.6541511907635957,4.5,42.5,0.6574752261956054,-3.0,57.0,0.0,7.825703006080107,10.280533700912514,0.41069519387436576,0.0,7.5,13.656106740182501,0.4279137803774302,0.0,7.5,14.5,0.4322736730609625
2025,11,BUF,TB,2025-11-16,3.157536964219947,48.69479942450092,0.5932997867087515,6.0,46.938959884900186,0.6862948121135345,6.0,46.5,0.7095435684647302,12.0,76.0,1.0,8.842463035780053,27.30520057549908,0.16540506349114703,1.0,6.0,29.061040115099814,0.09841094490688262,1.0,6.0,29.5,0.08436493862020286
2025,11,JAX,LAC,2025-11-16,-4.310128807729893,45.294445696750586,0.37364926236934765,-3.0,43.858889139350126,0.4083357396365842,-3.0,43.5,0.4170073589533933,29.0,41.0,0.0,33.310128807729896,4.294445696750586,0.39231524653046224,0.0,32.0,2.8588891393501257,0.35006659699138787,0.0,32.0,2.5,0.33988041951449754
2025,11,MIN,CHI,2025-11-16,-3.9415370063559863,45.919480234975424,0.3841308430689235,3.0,47.18389604699509,0.5344738770621558,3.0,47.5,0.5720596355604638,-2.0,36.0,1.0,1.9415370063559863,9.919480234975424,0.14755650459684191,0.0,5.0,11.183896046995088,0.2856623252618524,0.0,5.0,11.5,0.32725222663757064
2025,11,NYG,GB,2025-11-16,-5.250323019930561,49.26739098340665,0.3473489515477087,-7.5,43.05347819668133,0.24394474992181964,-7.5,41.5,0.21809369951534735,-7.0,47.0,1.0,1.749676980069439,2.2673909834066492,0.12065129414129247,1.0,0.5,3.9465218033186673,0.059509041014419124,1.0,0.5,5.5,0.04756486176829062
2025,11,PIT,CIN,2025-11-16,2.176142364757828,50.552320354325914,0.5646137937818133,5.5,48.91046407086519,0.6612373654979358,5.5,48.5,0.6853932584269663,22.0,46.0,1.0,19.82385763524217,4.552320354325914,0.1895611485650654,1.0,16.5,2.9104640708651885,0.11476012253477916,1.0,16.5,2.5,0.09897740184320161
2025,11,TEN,HOU,2025-11-16,-12.032816618595755,42.95376070967766,0.1841898071297905,-5.5,38.59075214193553,0.2802219997672792,-5.5,37.5,0.30423004792665137,-3.0,29.0,1.0,9.032816618595755,13.95376070967766,0.03392588505050942,1.0,2.5,9.590752141935532,0.07852436915357301,1.0,2.5,8.5,0.09255592206145259
2025,11,ARI,SF,2025-11-16,2.60058867548769,50.04626544337934,0.5770713582182047,-3.5,48.809253088675874,0.41066199661836295,-3.5,48.5,0.3690596562184025,-19.0,63.0,0.0,21.60058867548769,12.95373455662066,0.3330113524758035,1.0,15.5,14.190746911324126,0.16864327546658034,1.0,15.5,14.5,0.13620502984804542
2025,11,LA,SEA,2025-11-16,3.725535136235825,47.454372587927416,0.6096865748023977,3.0,49.09087451758548,0.6093263025270871,3.0,49.5,0.6092362344582594,2.0,40.0,1.0,1.725535136235825,7.454372587927416,0.15234456988948425,1.0,1.0,9.090874517585483,0.1526259378971571,1.0,1.0,9.5,0.15269632046036044
2025,11,CLE,BAL,2025-11-16,-4.1373045600724705,42.47099103529824,0.37855273477085616,-7.5,38.49419820705965,0.2501855065664491,-7.5,37.5,0.21809369951534735,-7.0,39.0,1.0,2.8626954399275295,3.4709910352982405,0.14330217300249418,1.0,0.5,0.5058017929403533,0.06259278769591076,1.0,0.5,1.5,0.04756486176829062
2025,11,DEN,KC,2025-11-16,1.5104899496278614,45.731752106517625,0.5449516690703478,-3.5,44.746350421303525,0.38301015285758533,-3.5,44.5,0.34252477380439467,3.0,41.0,1.0,1.4895100503721386,4.731752106517625,0.2070689834818623,0.0,6.5,3.746350421303525,0.3806764714768202,0.0,6.5,3.5,0.4322736730609625
2025,11,PHI,DET,2025-11-16,-0.0641441649153982,49.29452555049978,0.4980870413765424,2.5,47.05890511009996,0.5660115211125938,2.5,46.5,0.5829926410466066,7.0,25.0,0.0,7.064144164915398,24.294525550499777,0.2519166180341527,1.0,4.5,22.058905110099957,0.18834599980700464,1.0,4.5,21.5,0.17389513742128426
2025,11,LV,DAL,2025-11-17,-3.1241136319684077,45.9265712802928,0.40766989445504126,-3.5,47.985314256058565,0.3720106335357105,-3.5,48.5,0.3630958183058778,-17.0,49.0,1.0,13.875886368031592,3.073428719707202,0.16619474284498448,1.0,13.5,1.0146857439414347,0.13839191146364072,1.0,13.5,0.5,0.131838573271215
2025,12,HOU,BUF,2025-11-20,1.120321668131198,46.63146808952495,0.5333722407865363,-5.5,44.12629361790499,0.35404014171405285,-5.5,43.5,0.30920711694593195,4.0,42.0,1.0,2.879678331868802,4.631468089524951,0.21774146566857822,0.0,9.5,2.1262936179049916,0.41726413851680094,0.0,9.5,1.5,0.47719480727815133
2025,12,BAL,NYJ,2025-11-23,10.054673105597757,45.69779815132837,0.773865215539161,14.0,44.739559630265674,0.8557151696219643,14.0,44.5,0.8761776581426649,13.0,33.0,1.0,2.9453268944022426,12.69779815132837,0.05113694074315012,1.0,1.0,11.739559630265674,0.020818112277218546,1.0,1.0,11.5,0.015331972343034758
2025,12,CHI,PIT,2025-11-23,4.218555956793865,46.64380647298728,0.6237550686746155,3.0,46.52876129459746,0.5911451265722084,3.0,46.5,0.5829926410466066,3.0,59.0,1.0,1.2185559567938649,12.35619352701272,0.1415602483480433,1.0,0.0,12.471238705402541,0.16716230752565547,1.0,0.0,12.5,0.17389513742128426
2025,12,CIN,NE,2025-11-23,-6.569025018630669,50.7990514648751,0.3116894563317719,-7.5,50.55981029297503,0.24961620765320708,-7.5,50.5,0.23409789548356585,-6.0,46.0,1.0,0.5690250186306693,4.799051464875099,0.09715031718839555,1.0,1.5,4.55981029297503,0.062308251123169,1.0,1.5,4.5,0.05480182466983452
2025,12,DET,NYG,2025-11-23,8.554843945491942,49.4825075359667,0.7387566793775286,14.0,50.29650150719335,0.8486934623896377,14.0,50.5,0.8761776581426649,7.0,61.0,1.0,1.5548439454919425,11.517492464033303,0.06824807256985536,1.0,7.0,10.703498492806652,0.022893668323635975,1.0,7.0,10.5,0.015331972343034758
2025,12,GB,MIN,2025-11-23,11.066124062750678,46.18798743283061,0.7959516521538663,6.5,42.437597486566126,0.7300313146393668,6.5,41.5,0.7135512302607419,17.0,29.0,1.0,5.933875937249322,17.18798743283061,0.041635728258736765,1.0,10.5,13.437597486566126,0.07288309107534859,1.0,10.5,12.5,0.08205289768513453
2025,12,KC,IND,2025-11-23,1.4787945013366524,49.29072968652782,0.5440123005273825,3.5,50.25814593730557,0.6347826410619608,3.5,50.5,0.6574752261956054,3.0,43.0,1.0,1.5212054986633476,6.290729686527818,0.20792478207033016,1.0,0.5,7.258145937305571,0.13338371926967657,1.0,0.5,7.5,0.11732322066975169
2025,12,TEN,SEA,2025-11-23,-10.777884478669895,44.356365553324544,0.2102078283559311,-12.5,42.07127311066491,0.14786833732472954,-12.5,41.5,0.13228346456692913,-6.0,54.0,1.0,4.777884478669895,9.643634446675456,0.04418733110211659,1.0,6.5,11.928726889335088,0.021865045183180002,1.0,6.5,12.5,0.017498914997829997
2025,12,ARI,JAX,2025-11-23,1.0031471310939544,46.331696261063406,0.5298887552249363,-2.5,47.26633925221268,0.46482485927174805,-2.5,47.5,0.448558885283451,-3.0,51.0,0.0,4.003147131093955,4.668303738936594,0.28078209291383244,1.0,0.5,3.7336607477873187,0.21606214979700036,1.0,0.5,3.5,0.20120507356673215
2025,12,LV,CLE,2025-11-23,0.058136947405377004,38.18077535885887,0.5017338077612463,3.0,36.03615507177177,0.5750425648797884,3.0,35.5,0.593369754159424,-14.0,34.0,0.0,14.058136947405377,4.180775358858867,0.25173681385059926,0.0,17.0,2.0361550717717734,0.3306739514235257,0.0,17.0,1.5,0.3520876651512152
2025,12,DAL,PHI,2025-11-23,-0.2568040244577665,47.56186057371442,0.4923418258946844,-3.0,47.51237211474289,0.4237725618513978,-3.0,47.5,0.4066302458405761,3.0,45.0,0.0,3.2568040244577663,2.5618605737144193,0.257716821735943,0.0,6.0,2.512372114742888,0.3320380604753012,0.0,6.0,2.5,0.3520876651512151
2025,12,NO,ATL,2025-11-23,1.2861708786322694,44.56984916399521,0.5382983478838661,1.5,42.11396983279904,0.528528937786149,1.5,41.5,0.5260865852617197,-14.0,34.0,0.0,15.28617087863227,10.569849163995208,0.2897651113344997,0.0,15.5,8.113969832799043,0.27934283807735494,0.0,15.5,7.5,0.27676709519233667
2025,12,LA,TB,2025-11-23,5.633898630956552,46.64486612709588,0.6631815582398921,7.0,48.92897322541918,0.7383871103700231,7.0,49.5,0.7571884984025559,27.0,41.0,1.0,21.36610136904345,5.644866127095881,0.11344666270970719,1.0,20.0,7.928973225419178,0.06844130402054646,1.0,20.0,8.5,0.058957425308005615
2025,12,SF,CAR,2025-11-24,6.745193833140174,50.82057930924964,0.692952474019344,7.5,48.96411586184993,0.7513121784170163,7.5,48.5,0.7659021045164341,11.0,29.0,1.0,4.254806166859826,21.820579309249638,0.09427818321084161,1.0,3.5,19.964115861849933,0.06184563260368996,1.0,3.5,19.5,0.05480182466983452
2025,13,DET,GB,2025-11-27,-1.0499103980790794,47.789322463857744,0.4687207287879356,2.5,48.357864492771554,0.5601382585948724,2.5,48.5,0.5829926410466066,-7.0,55.0,1.0,5.95008960192092,7.210677536142256,0.21969912159549346,0.0,9.5,6.642135507228446,0.31375486874169617,0.0,9.5,6.5,0.33988041951449754
2025,13,DAL,KC,2025-11-27,-1.2002523562998146,49.328431375100266,0.46425294673178275,-3.5,52.66568627502006,0.3948773478574177,-3.5,53.5,0.3775334481388264,3.0,59.0,0.0,4.200252356299814,9.671568624899734,0.28702490508557804,0.0,6.5,6.334313724979943,0.3661734241360727,0.0,6.5,5.5,0.38746460818593914
2025,13,BAL,CIN,2025-11-27,9.52547155734869,47.68580569250936,0.7617912214489955,7.0,51.53716113850187,0.7581090430118438,7.0,52.5,0.7571884984025559,-18.0,46.0,0.0,27.525471557348688,1.685805692509362,0.5803258650767524,0.0,25.0,5.537161138501872,0.5747293210963336,0.0,25.0,6.5,0.5733344221131174
2025,13,PHI,CHI,2025-11-28,2.9203621542837483,46.11054563236771,0.5864068155864689,7.0,44.022109126473545,0.7099786540478003,7.0,43.5,0.740871613663133,-9.0,39.0,0.0,11.920362154283747,7.11054563236771,0.34387295336626295,0.0,16.0,5.022109126473545,0.504069689203526,0.0,16.0,4.5,0.5488907479318147
2025,13,CAR,LA,2025-11-30,-10.087310087377011,45.57027221945301,0.225401651941939,-10.0,44.7140544438906,0.19127322378940304,-10.0,44.5,0.18274111675126903,3.0,59.0,0.0,13.087310087377011,13.42972778054699,0.6000026008142769,0.0,13.0,14.285945556109397,0.6540389985599849,0.0,13.0,14.5,0.6679120822489629
2025,13,CLE,SF,2025-11-30,-2.8328879968427776,42.832552731392106,0.4161422884606035,-5.5,36.96651054627842,0.33491385095054765,-5.5,35.5,0.31460674157303364,-18.0,34.0,1.0,15.167112003157222,8.832552731392106,0.17317440424522815,1.0,12.5,2.966510546278421,0.11216728755852565,1.0,12.5,1.5,0.09897740184320157
2025,13,IND,HOU,2025-11-30,2.883996163799668,44.934221707712226,0.5853475017914083,3.0,44.586844341542445,0.6000750771120239,3.0,44.5,0.6037569709421778,-4.0,36.0,0.0,6.883996163799668,8.934221707712226,0.3426316978534427,0.0,7.0,8.586844341542445,0.36009009817100146,0.0,7.0,8.5,0.3645224799612738
2025,13,MIA,NO,2025-11-30,4.202210170447154,43.80965315773037,0.6232911476678515,5.5,41.961930631546075,0.6729728362751434,5.5,41.5,0.6853932584269663,4.0,38.0,1.0,0.20221017044715417,5.8096531577303665,0.14190955942540442,1.0,1.5,3.9619306315460747,0.10694676581392418,1.0,1.5,3.5,0.09897740184320161
2025,13,NYJ,ATL,2025-11-30,-1.121838859367285,45.27295264553936,0.4665826707664329,-3.0,39.854590529107874,0.41360551669392476,-3.0,38.5,0.4003612281757977,3.0,51.0,0.0,4.121838859367285,5.7270473544606375,0.28453404712667174,0.0,6.0,11.145409470892126,0.34385849005179897,0.0,6.0,12.5,0.35956665667483767
2025,13,TB,ARI,2025-11-30,1.3844253230302943,45.78470456789368,0.5412140130882594,4.5,44.75694091357874,0.6177661479729497,4.5,44.5,0.6369041816941223,3.0,37.0,1.0,1.6155746769697057,8.784704567893677,0.21048458178657978,1.0,1.5,7.756940913578738,0.14610271763543697,1.0,1.5,7.5,0.13183857327121493
2025,13,TEN,JAX,2025-11-30,-6.83476188060158,44.413519052313056,0.3046992111086334,-6.0,42.882703810462615,0.3008101825782907,-6.0,42.5,0.299837925445705,-22.0,28.0,1.0,15.16523811939842,16.413519052313056,0.09284160925022354,1.0,16.0,14.882703810462615,0.09048676594278457,1.0,16.0,14.5,0.08990278153558413
2025,13,SEA,MIN,2025-11-30,12.77927806505874,43.50520307026291,0.8302906448112024,12.5,42.70104061405258,0.8564690878663501,12.5,42.5,0.863013698630137,26.0,26.0,1.0,13.22072193494126,17.50520307026291,0.02880126523859746,1.0,13.5,16.70104061405258,0.02060112273791752,1.0,13.5,16.5,0.01876524676299493
2025,13,LAC,LV,2025-11-30,9.534738812881123,40.0376075925181,0.7620056531552333,10.0,40.40752151850362,0.8102691509356151,10.0,40.5,0.8223350253807106,17.0,45.0,1.0,7.465261187118877,4.9623924074819,0.056641309130067125,1.0,7.0,4.592478481496379,0.03599779508669239,1.0,7.0,4.5,0.03156484320647276
2025,13,PIT,BUF,2025-11-30,-1.2698047360062208,48.01330450897194,0.4621875158266362,-3.0,45.20266090179439,0.41272648570596543,-3.0,44.5,0.4003612281757977,-19.0,33.0,1.0,17.730195263993778,15.013304508971942,0.21361729978599708,1.0,16.0,12.202660901794388,0.1703431520031965,1.0,16.0,11.5,0.16028911302643317
2025,13,WAS,DEN,2025-11-30,-5.827124991679404,48.211074456702505,0.331561126354441,-6.5,44.442214891340505,0.285710218581925,-6.5,43.5,0.27424749163879597,-1.0,53.0,1.0,4.827124991679404,4.788925543297495,0.1099327805094256,1.0,5.5,8.557785108659495,0.08163032900213138,1.0,5.5,9.5,0.07521168667017146
2025,13,NE,NYG,2025-12-01,8.911395197890528,49.749969522324484,0.7473490968348214,7.0,47.1499939044649,0.7552206180890091,7.0,46.5,0.7571884984025559,18.0,48.0,1.0,9.088604802109472,1.7499695223244842,0.06383247887018044,1.0,11.0,0.8500060955351003,0.059916945808726745,1.0,11.0,1.5,0.058957425308005615
2025,14,DET,DAL,2025-12-04,2.7719440245702835,50.66651326020229,0.5820796354670676,3.5,54.53330265204046,0.6211682021186916,3.5,55.5,0.6309403437815976,14.0,74.0,1.0,11.228055975429717,23.333486739797713,0.17465743109133905,1.0,10.5,19.46669734795954,0.1435135310859845,1.0,10.5,18.5,0.1362050298480454
2025,14,ATL,SEA,2025-12-07,-4.862380964126757,44.12991164606188,0.3581205239865014,-7.0,44.425982329212374,0.2733979407174777,-7.0,44.5,0.2522172949002217,-28.0,46.0,1.0,23.137619035873243,1.8700883539381223,0.12825030970036633,1.0,21.0,1.5740176707876259,0.07474643398855745,1.0,21.0,1.5,0.0636135638467854
2025,14,BAL,PIT,2025-12-07,5.175503800339469,43.4679485141555,0.6505828749177223,5.5,43.4935897028311,0.6902462346269804,5.5,43.5,0.7001620745542949,-5.0,49.0,0.0,10.17550380033947,5.532051485844498,0.42325807713620867,0.0,10.5,5.506410297168898,0.47643986441672453,0.0,10.5,5.5,0.49022693064417405
2025,14,BUF,CIN,2025-12-07,9.516296177424278,48.25772935043163,0.7615788113807845,6.0,53.25154587008633,0.7199506170479412,6.0,54.5,0.7095435684647302,5.0,73.0,1.0,4.5162961774242785,24.74227064956837,0.056844663182599516,1.0,1.0,19.748454129913668,0.0784276568918289,1.0,1.0,18.5,0.08436493862020286
2025,14,CLE,TEN,2025-12-07,7.065644994081329,39.559860424580606,0.7013169649524743,4.5,34.71197208491612,0.6560467360306812,4.5,33.5,0.644729178800233,-2.0,60.0,0.0,9.065644994081328,20.440139575419394,0.4918454853301501,0.0,6.5,25.28802791508388,0.4303973198565103,0.0,6.5,26.5,0.4156757139964227
2025,14,JAX,IND,2025-12-07,0.5254589298014463,44.80121430511316,0.5156666878283231,-2.5,44.56024286102264,0.4619804457924254,-2.5,44.5,0.448558885283451,17.0,55.0,1.0,16.474541070198555,10.198785694886837,0.23457875727918698,0.0,19.5,10.439757138977363,0.28946504070971724,0.0,19.5,10.5,0.30408730299983017
2025,14,MIN,WAS,2025-12-07,-2.860192738943275,45.03500964827516,0.41534621072687233,-1.5,43.80700192965504,0.4744018531962954,-1.5,43.5,0.4891657638136511,31.0,31.0,0.0,33.860192738943276,14.035009648275157,0.34182005331142673,0.0,32.5,12.807001929655037,0.27625341192348857,0.0,32.5,12.5,0.26095161686009055
2025,14,NYJ,MIA,2025-12-07,-1.7057029623656577,45.933124090510795,0.4492684750309391,-2.5,42.38662481810216,0.4322059865578168,-2.5,41.5,0.42794036443953615,-24.0,44.0,1.0,22.294297037634344,1.9331240905107947,0.20184216265662552,1.0,21.5,1.6133751818978368,0.1868020148164157,1.0,21.5,2.5,0.18313295551664302
2025,14,TB,NO,2025-12-07,5.109744597095549,42.74580128357637,0.6487614397108152,7.5,41.74916025671528,0.7512188129155957,7.5,41.5,0.7768331562167907,-4.0,44.0,0.0,9.109744597095549,1.2541987164236303,0.42089140565564975,0.0,11.5,2.250839743284722,0.5643297048783167,0.0,11.5,2.5,0.6034697525977408
2025,14,LV,DEN,2025-12-07,-10.97861167738938,41.851804849877816,0.20590696498772781,-8.5,40.77036096997556,0.20809208113810193,-8.5,40.5,0.20863836017569545,-7.0,41.0,1.0,3.978611677389379,0.8518048498778157,0.04239767823045737,1.0,1.5,0.22963903002443686,0.043302314232386396,1.0,1.5,0.5,0.04352996533680322
2025,14,ARI,LA,2025-12-07,-3.8755483888718993,46.35701459588902,0.3860165780655524,-9.5,48.871402919177804,0.23720331561311048,-9.5,49.5,0.19999999999999998,-28.0,62.0,1.0,24.1244516111281,15.64298540411098,0.1490087985414387,1.0,18.5,13.128597080822196,0.0562654129378529,1.0,18.5,12.5,0.039999999999999994
2025,14,GB,CHI,2025-12-07,6.090579448733979,48.1110342602076,0.6755536571124634,6.5,45.22220685204152,0.7127741385249118,6.5,44.5,0.7220792588780237,7.0,49.0,1.0,0.9094205512660212,0.8889657397923969,0.10526542941309697,1.0,0.5,3.7777931479584765,0.08249869550010656,1.0,0.5,4.5,0.07723993834578856
2025,14,KC,HOU,2025-12-07,1.7172146650865057,45.79429121154685,0.5510720391711595,4.5,42.358858242309374,0.6361945887907163,4.5,41.5,0.6574752261956054,-10.0,30.0,0.0,11.717214665086505,15.794291211546849,0.30368039235626,0.0,14.5,12.358858242309374,0.40474355480658863,0.0,14.5,11.5,0.4322736730609625
2025,14,LAC,PHI,2025-12-08,2.1897139703353035,43.342350008188745,0.5650131852917688,-1.5,41.86847000163775,0.4956113327105277,-1.5,41.5,0.4782608695652174,3.0,41.0,1.0,0.8102860296646965,2.3423500081887454,0.18921352897001306,0.0,4.5,0.8684700016377533,0.25440792769005,0.0,4.5,0.5,0.2722117202268431
2025,15,TB,ATL,2025-12-11,4.094448729830761,45.14924496886444,0.6202282675957858,6.0,43.82984899377289,0.6880721849276629,6.0,43.5,0.705033164260632,-1.0,57.0,0.0,5.094448729830761,11.850755031135563,0.3846831039248696,0.0,7.0,13.170151006227108,0.4734433316711279,0.0,7.0,13.5,0.4970717627073593
2025,15,CHI,CLE,2025-12-14,7.051535297223755,42.562129800486005,0.7009508584389296,7.5,39.3124259600972,0.7459409704098307,7.5,38.5,0.7571884984025559,28.0,34.0,1.0,20.948464702776246,8.562129800486005,0.08943038906841314,1.0,20.5,5.312425960097201,0.06454599051629854,1.0,20.5,4.5,0.058957425308005615
2025,15,CIN,BAL,2025-12-14,0.5498134699923034,47.43028944432689,0.5163924247177469,-2.5,50.68605788886538,0.4285826816160103,-2.5,51.5,0.4066302458405761,-24.0,24.0,0.0,24.549813469992305,23.43028944432689,0.26666113630587396,1.0,21.5,26.686057888865378,0.18368311498117046,1.0,21.5,27.5,0.16534815683236737
2025,15,HOU,ARI,2025-12-14,8.33758709976084,44.05475656062053,0.7334484164261199,10.5,42.810951312124104,0.8083886400661481,10.5,42.5,0.827123695976155,20.0,60.0,1.0,11.66241290023916,15.945243439379468,0.07104974670574318,1.0,9.5,17.189048687875896,0.03671491325570015,1.0,9.5,17.5,0.029886216492944893
2025,15,JAX,NYJ,2025-12-14,12.159363123357474,43.35370422141528,0.8183177361450298,13.5,41.07074084428305,0.864605673743138,13.5,40.5,0.8761776581426649,28.0,68.0,1.0,15.840636876642526,24.646295778584722,0.033008444999467014,1.0,14.5,26.92925915571695,0.018331623582549587,1.0,14.5,27.5,0.015331972343034758
2025,15,KC,LAC,2025-12-14,1.6595707632973156,43.75744747315233,0.5493665699758902,5.5,41.95148949463047,0.6625076204384326,5.5,41.5,0.690792883054068,-3.0,29.0,0.0,4.659570763297316,14.757447473152332,0.3018036282070746,0.0,8.5,12.951489494630472,0.43891634713899425,0.0,8.5,12.5,0.47719480727815133
2025,15,NE,BUF,2025-12-14,1.8033314367797197,48.23046319880489,0.5536181484060774,-2.5,49.24609263976098,0.45992997888756465,-2.5,49.5,0.43650793650793646,-4.0,66.0,0.0,5.80333143677972,17.76953680119511,0.3064930542445735,1.0,1.5,16.75390736023902,0.21153558547951568,1.0,1.5,16.5,0.1905391786344167
2025,15,NYG,WAS,2025-12-14,4.531040473900172,51.66505015580226,0.632588817676784,2.5,47.53301003116046,0.5841654719837278,2.5,46.5,0.5720596355604638,-8.0,50.0,0.0,12.531040473900173,1.6650501558022626,0.40016861224971145,0.0,10.5,2.466989968839542,0.3412492986579715,0.0,10.5,3.5,0.32725222663757064
2025,15,PHI,LV,2025-12-14,12.683845170525691,41.370524254769634,0.8284811759736916,12.5,38.274104850953925,0.8633706537993894,12.5,37.5,0.8720930232558138,31.0,31.0,1.0,18.316154829474307,10.370524254769634,0.029418706995367732,1.0,18.5,7.2741048509539254,0.018667578243206313,1.0,18.5,6.5,0.01636019469983778
2025,15,DEN,GB,2025-12-14,-0.11812814925849469,48.14182408622803,0.4964771200755283,-1.5,43.628364817245604,0.47842615580572984,-1.5,42.5,0.4739134147382802,8.0,60.0,0.0,8.118128149258494,11.858175913771973,0.253535290607434,0.0,9.5,16.371635182754396,0.2720392749475887,0.0,9.5,17.5,0.2767670951923368
2025,15,LA,DET,2025-12-14,5.505851054359783,49.394705621706684,0.6596799018749891,5.5,53.47894112434134,0.6763804248194424,5.5,54.5,0.6805555555555556,7.0,75.0,1.0,1.4941489456402168,25.605294378293316,0.11581776918781701,1.0,1.5,21.52105887565866,0.10472962944004459,1.0,1.5,20.5,0.10204475308641973
2025,15,NO,CAR,2025-12-14,3.552490049453124,44.330349107788855,0.6047133614920793,-2.5,42.066069821557775,0.4632949638500448,-2.5,41.5,0.42794036443953615,3.0,37.0,1.0,0.552490049453124,7.330349107788855,0.15625152658289154,0.0,5.5,5.066069821557775,0.28805229582872477,0.0,5.5,4.5,0.3272522266375708
2025,15,SEA,IND,2025-12-14,7.714170795954965,44.41631000337322,0.7179196561510932,13.5,42.08326200067465,0.8412583498348697,13.5,41.5,0.8720930232558138,2.0,34.0,1.0,5.714170795954965,10.41631000337322,0.07956932038591749,1.0,11.5,8.083262000674651,0.025198911497148615,1.0,11.5,7.5,0.01636019469983778
2025,15,SF,TEN,2025-12-14,12.439519624325442,46.34672581927084,0.8237926604232151,12.5,44.86934516385417,0.8551694909887526,12.5,44.5,0.863013698630137,13.0,61.0,1.0,0.5604803756745582,14.653274180729163,0.03104902652072839,1.0,0.5,16.13065483614583,0.02097587634045701,1.0,0.5,16.5,0.01876524676299493
2025,15,DAL,MIN,2025-12-14,5.184339916987482,45.23107410200419,0.6508273596768046,5.5,47.04621482040084,0.6867814335940399,5.5,47.5,0.6957699520733487,-8.0,60.0,0.0,13.184339916987483,14.768925897995807,0.4235762521038808,0.0,13.5,12.953785179599159,0.47166873752948457,0.0,13.5,12.5,0.48409582620814995
2025,15,PIT,MIA,2025-12-15,-0.09673756989476678,45.21651679232389,0.497115028857161,3.0,43.043303358464776,0.5868119933380398,3.0,42.5,0.6092362344582594,13.0,43.0,0.0,13.096737569894767,2.216516792323887,0.25289329420133394,1.0,10.0,0.043303358464775954,0.17072432884928407,1.0,10.0,0.5,0.15269632046036044
2025,16,SEA,LA,2025-12-18,2.5402934191796627,45.652146139614885,0.5753060718006391,1.5,43.130429227922974,0.5359304825695036,1.5,42.5,0.5260865852617197,1.0,75.0,1.0,1.5402934191796627,29.347853860385115,0.18036493264940393,1.0,0.5,31.869570772077026,0.2153605170081738,1.0,0.5,32.5,0.22459392466889727
2025,16,WAS,PHI,2025-12-20,-8.769805020998312,46.467193526032446,0.256045128662469,-7.0,44.093438705206495,0.24320902573249387,-7.0,43.5,0.24000000000000005,-11.0,47.0,1.0,2.2301949790016877,0.532806473967554,0.0655591079117803,1.0,4.0,2.906561294793505,0.05915063019774886,1.0,4.0,3.5,0.05760000000000002
2025,16,CHI,GB,2025-12-20,0.21555901865713012,48.44508040853537,0.5064283200087093,1.5,46.08901608170707,0.5151769645747579,1.5,45.5,0.5173641257162701,6.0,38.0,1.0,5.78444098134287,10.445080408535368,0.24361300328942506,1.0,4.5,8.089016081707072,0.23505337567894555,1.0,4.5,7.5,0.23293738714562032
2025,16,CAR,TB,2025-12-21,0.7863939349705165,48.00794556081978,0.5234390579291193,-3.0,45.20158911216396,0.4382936987485385,-3.0,44.5,0.4170073589533933,3.0,43.0,1.0,2.2136060650294835,5.007945560819778,0.22711033150748533,0.0,6.0,2.2015891121639584,0.31551396886559757,0.0,6.0,1.5,0.33988041951449754
2025,16,CLE,BUF,2025-12-21,-8.214729826353272,43.63868076012603,0.2695773306056105,-10.5,41.92773615202521,0.20010835952213735,-10.5,41.5,0.18274111675126903,-3.0,43.0,1.0,5.214729826353272,0.6386807601260287,0.07267193717644663,1.0,7.5,1.0722638479747886,0.04004335555064098,1.0,7.5,1.5,0.03339431575150094
2025,16,DAL,LAC,2025-12-21,-0.7782447407492261,46.59689416451171,0.4768035595387862,1.5,49.71937883290235,0.5162299801171331,1.5,50.5,0.5260865852617197,-17.0,51.0,1.0,16.221755259250774,4.40310583548829,0.22734163438885685,0.0,18.5,1.2806211670976495,0.2664933923717356,0.0,18.5,0.5,0.27676709519233667
2025,16,MIA,CIN,2025-12-21,5.6890436613222075,47.32923952137784,0.6646852585418462,-3.5,48.265847904275574,0.4171537086681829,-3.5,48.5,0.35527082119976705,-24.0,66.0,0.0,29.68904366132221,18.670760478622157,0.44180649292284097,1.0,20.5,17.734152095724426,0.17401721665561923,1.0,20.5,17.5,0.12621735639595685
2025,16,NO,NYJ,2025-12-21,8.390293923570825,44.040142290410856,0.7347412029617829,6.5,40.40802845808217,0.7213246578259166,6.5,39.5,0.7179705215419501,23.0,35.0,1.0,14.609706076429175,9.040142290410856,0.07036222940616205,1.0,16.5,5.408028458082171,0.07765994633584247,1.0,16.5,4.5,0.07954062671931965
2025,16,NYG,MIN,2025-12-21,1.5973530643178604,45.97445729265343,0.5475247566157985,-2.5,42.394891458530694,0.4518572428747886,-2.5,41.5,0.42794036443953615,-3.0,29.0,0.0,4.59735306431786,16.974457292653433,0.29978335910718934,1.0,0.5,13.394891458530694,0.20417496793840573,1.0,0.5,12.5,0.18313295551664302
2025,16,TEN,KC,2025-12-21,-6.055349498224566,46.56725338372186,0.3253941230376931,-3.5,39.313450676744374,0.36710558311859975,-3.5,37.5,0.3775334481388264,17.0,35.0,0.0,23.055349498224565,11.567253383721862,0.45509308923208314,0.0,20.5,4.313450676744374,0.4005553429196476,0.0,20.5,2.5,0.38746460818593914
2025,16,ARI,ATL,2025-12-21,0.674245411289534,48.0054475435022,0.520099452598452,-2.5,48.401089508700444,0.44637218207131935,-2.5,48.5,0.42794036443953615,-7.0,45.0,0.0,7.674245411289534,3.0054475435022,0.27050344059320947,1.0,4.5,3.4010895087004442,0.19924812492711108,1.0,4.5,3.5,0.18313295551664302
2025,16,DEN,JAX,2025-12-21,1.7938789839140437,45.08050060776161,0.553338785334657,3.5,46.21610012155232,0.598056744633539,3.5,46.5,0.6092362344582594,-14.0,54.0,0.0,15.793878983914043,8.919499392238393,0.3061838113556336,0.0,17.5,7.783899878447677,0.35767186980166604,0.0,17.5,7.5,0.3711687893768792
2025,16,DET,PIT,2025-12-21,4.46672041581901,49.292995444541155,0.6307760785878449,7.5,51.858599088908235,0.7476217406910015,7.5,52.5,0.7768331562167907,-5.0,53.0,0.0,9.46672041581901,3.7070045554588447,0.39787846131865906,0.0,12.5,1.1414009110917647,0.5589382671538431,0.0,12.5,0.5,0.6034697525977408
2025,16,HOU,LV,2025-12-21,16.93762497376499,41.27623043272949,0.8972741547770651,14.5,39.855246086545904,0.9026186727633226,14.5,39.5,0.9039548022598869,2.0,44.0,1.0,14.93762497376499,2.7237695672705087,0.010552599276766383,1.0,12.5,4.144753913454096,0.00948312289437684,1.0,12.5,4.5,0.009224680008937428
2025,16,BAL,NE,2025-12-21,-0.7707680700649988,46.90756882144239,0.4770261622300674,3.5,48.18151376428848,0.5933784739349525,3.5,48.5,0.6224665518611737,-4.0,52.0,1.0,3.2292319299350014,5.092431178557611,0.22755395945194656,0.0,7.5,3.818486235711518,0.35209801332937307,0.0,7.5,3.5,0.38746460818593925
2025,16,IND,SF,2025-12-22,0.6255016588410174,48.87226120400102,0.5186474870650603,-4.5,46.974452240800204,0.3728109980598426,-4.5,46.5,0.33635187580853815,-21.0,75.0,0.0,21.625501658841017,26.12773879599898,0.26899521583890185,1.0,16.5,28.025547759199796,0.13898804027437595,1.0,16.5,28.5,0.11313258435992227
2025,17,WAS,DAL,2025-12-25,-2.2715972636344173,52.743350778490544,0.4325785365881911,-8.5,50.94867015569812,0.24651570731763822,-8.5,50.5,0.19999999999999998,-7.0,53.0,1.0,4.728402736365583,0.25664922150945557,0.18712419031678101,1.0,1.5,2.0513298443018826,0.06076999395431547,1.0,1.5,2.5,0.039999999999999994
2025,17,MIN,DET,2025-12-25,-0.7947919480575851,45.87455661178283,0.4763109258696837,-7.0,45.57491132235656,0.2946121310027558,-7.0,45.5,0.2491874322860238,13.0,33.0,0.0,13.794791948057584,12.874556611782829,0.2742502463634679,0.0,20.0,12.574911322356563,0.4975720457284733,0.0,20.0,12.5,0.5637195118372541
2025,17,KC,DEN,2025-12-25,-2.9396148440999754,46.22777732416832,0.4130326220968977,-13.5,39.245555464833664,0.17860652441937958,-13.5,37.5,0.12000000000000002,-7.0,33.0,1.0,4.060385155900025,13.227777324168322,0.1705959469162387,1.0,6.5,6.245555464833664,0.03190029056517043,1.0,6.5,4.5,0.014400000000000005
2025,17,LAC,HOU,2025-12-27,2.206197574738158,42.55581805019502,0.5654981832215896,1.5,40.911163610039004,0.526990937217334,1.5,40.5,0.5173641257162701,-4.0,36.0,0.0,6.206197574738158,6.555818050195022,0.31978819522691854,0.0,5.5,4.911163610039004,0.2777194479092041,0.0,5.5,4.5,0.26766563857816056
2025,17,GB,BAL,2025-12-27,4.954978047519547,48.5374942814243,0.6444611866389709,2.5,40.50749885628486,0.579685888121445,2.5,38.5,0.5634920634920635,-17.0,65.0,0.0,21.954978047519546,16.4625057185757,0.4153302210841105,0.0,19.5,24.49250114371514,0.3360357288871484,0.0,19.5,26.5,0.3175233056185437
2025,17,CAR,SEA,2025-12-28,-4.656068158696836,46.81911208304595,0.3638959870908762,-6.5,43.36382241660919,0.29511579031575635,-6.5,42.5,0.27792074112197634,-17.0,37.0,1.0,12.343931841303164,9.819112083045951,0.13242028942084316,1.0,10.5,6.363822416609189,0.08709332969369347,1.0,10.5,5.5,0.07723993834578859
2025,17,CIN,ARI,2025-12-28,2.858685920187942,49.57846590059821,0.5846098665585668,7.0,51.915693180119646,0.7121771853893554,7.0,52.5,0.7440690150970525,23.0,51.0,1.0,20.14131407981206,1.4215340994017893,0.17254896296049166,1.0,16.0,0.9156931801196464,0.08284197261039351,1.0,16.0,1.5,0.06550066903339276
2025,17,CLE,PIT,2025-12-28,-3.9053423631980175,42.855606190236365,0.38516482900465937,-4.5,36.971121238047274,0.3612496227607455,-4.5,35.5,0.35527082119976705,7.0,19.0,0.0,10.905342363198017,23.855606190236365,0.3780222874928697,0.0,11.5,17.971121238047274,0.40800204442328986,0.0,11.5,16.5,0.4156757139964227
2025,17,IND,JAX,2025-12-28,-3.5137773592493975,46.12754311868667,0.39640158833436645,-3.5,48.02550862373734,0.34836181831370383,-3.5,48.5,0.33635187580853815,-6.0,40.0,1.0,2.4862226407506025,6.127543118686667,0.15713421923400853,1.0,2.5,8.025508623737338,0.12135595645883,1.0,2.5,8.5,0.11313258435992227
2025,17,MIA,TB,2025-12-28,0.8866582999795432,47.43165353261483,0.5264233856491035,-5.5,45.08633070652297,0.35697007038824763,-5.5,44.5,0.31460674157303364,3.0,37.0,1.0,2.113341700020457,10.431653532614831,0.22427480966005772,0.0,8.5,8.086330706522972,0.4134874903764951,0.0,8.5,7.5,0.46976391869713435
2025,17,NYJ,NE,2025-12-28,-11.227188122907249,47.42152926823122,0.2006538547301261,-12.5,43.48430585364625,0.14595754259956853,-12.5,42.5,0.13228346456692913,-32.0,52.0,1.0,20.77281187709275,4.578470731768782,0.04026196941805855,1.0,19.5,8.515694146353752,0.02130360424170486,1.0,19.5,9.5,0.017498914997829997
2025,17,TEN,NO,2025-12-28,-2.3992091627046346,42.820251876700276,0.4288303501679902,-1.5,40.164050375340054,0.46837476568577197,-1.5,39.5,0.4782608695652174,-8.0,60.0,1.0,5.600790837295365,17.179748123299724,0.18389546922520109,1.0,6.5,19.835949624659946,0.2193749211312018,1.0,6.5,20.5,0.2287334593572779
2025,17,LV,NYG,2025-12-28,-1.751479974331332,44.14403512620835,0.4479146224071726,-3.0,41.22880702524167,0.4148871211538954,-3.0,40.5,0.4066302458405761,-24.0,44.0,1.0,22.248520025668668,0.14403512620835102,0.20062750896616002,1.0,21.0,2.7711929747583284,0.1721313232993671,1.0,21.0,3.5,0.16534815683236737
2025,17,BUF,PHI,2025-12-28,0.03437243062587858,47.090660334704445,0.5010250849361436,3.0,45.81813206694089,0.5832105937409711,3.0,45.5,0.6037569709421778,-1.0,25.0,0.0,1.0343724306258786,22.090660334704445,0.25102613573526994,0.0,4.0,20.81813206694089,0.340134596651696,0.0,4.0,20.5,0.3645224799612738
2025,17,SF,CHI,2025-12-28,3.587609765042103,49.703407382350676,0.605724090626115,3.5,51.140681476470135,0.6369281611654094,3.5,51.5,0.644729178800233,4.0,80.0,1.0,0.41239023495789695,30.296592617649324,0.155453492712604,1.0,0.5,28.859318523529865,0.13182116015473094,1.0,0.5,28.5,0.12621735639595685
2025,17,ATL,LA,2025-12-29,-5.179384147728573,48.788990211340035,0.34930975281921034,-7.5,48.55779804226801,0.26186195056384215,-7.5,48.5,0.24000000000000005,3.0,51.0,0.0,8.179384147728573,2.2110097886599647,0.42339779777619707,0.0,10.5,2.4422019577319887,0.5448477800254157,0.0,10.5,2.5,0.5776
2025,18,TB,CAR,2026-01-03,5.303266009856698,47.266737261659266,0.6541117764664488,3.0,44.25334745233186,0.597216468130575,3.0,43.5,0.5829926410466066,2.0,30.0,1.0,3.3032660098566984,17.266737261659266,0.11963866317919589,1.0,1.0,14.253347452331859,0.16223457354520807,1.0,1.0,13.5,0.17389513742128426
2025,18,SF,SEA,2026-01-03,0.4398517488317375,47.92861624713108,0.5131152978082075,-2.5,47.585723249426216,0.44497535111327047,-2.5,47.5,0.42794036443953615,-10.0,16.0,0.0,10.439851748831737,31.92861624713108,0.2632873088448055,1.0,7.5,31.585723249426216,0.19800306309837834,1.0,7.5,31.5,0.18313295551664302
2025,18,ATL,NO,2026-01-04,-0.38059857162876276,44.435883727194984,0.48865097247521067,4.5,43.687176745439004,0.6135135375352285,4.5,43.5,0.644729178800233,2.0,36.0,0.0,2.380598571628763,8.435883727194984,0.2614778279505478,1.0,2.5,7.687176745439004,0.1493717856685332,1.0,2.5,7.5,0.12621735639595685
2025,18,CIN,CLE,2026-01-04,6.961627271018585,43.739026389554155,0.6986132307761475,9.5,46.74780527791083,0.7691174588353449,9.5,47.5,0.7867435158501441,-2.0,38.0,0.0,8.961627271018585,5.739026389554155,0.48806044621548667,0.0,11.5,8.747805277910828,0.5915416654853384,0.0,11.5,9.5,0.618965359732246
2025,18,HOU,IND,2026-01-04,6.926794008929916,43.759666877205866,0.6977053529633177,9.5,38.751933375441176,0.7860667503509717,9.5,37.5,0.8081570996978852,8.0,68.0,1.0,1.0732059910700844,24.240333122794134,0.09138205362703233,1.0,1.5,29.248066624558824,0.045767435305393456,1.0,1.5,30.5,0.03680369839632717
2025,18,JAX,TEN,2026-01-04,12.465159909208523,44.34159191385768,0.8242884632909864,12.5,46.06831838277154,0.8420585955927347,12.5,46.5,0.8465011286681716,34.0,48.0,1.0,21.534840090791477,3.658408086142323,0.030874544132643043,1.0,21.5,1.9316816172284632,0.024945487226139335,1.0,21.5,1.5,0.023561903500145205
2025,18,MIN,GB,2026-01-04,-2.25912162268943,44.58453290622119,0.43294529958339234,12.5,38.91690658124424,0.7519089252365438,12.5,37.5,0.8316498316498315,13.0,19.0,0.0,15.259121622689431,25.58453290622119,0.3215510332645687,1.0,0.5,19.91690658124424,0.061549181377286794,1.0,0.5,18.5,0.028341779183530067
2025,18,NYG,DAL,2026-01-04,2.1862190119669718,51.66796544889064,0.5649103403587863,-3.0,50.73359308977813,0.43327105061239546,-3.0,50.5,0.4003612281757977,17.0,51.0,1.0,14.813780988033027,0.6679654488906408,0.1893030119267072,0.0,20.0,0.2664069102218676,0.321181702073978,0.0,20.0,0.5,0.35956665667483767
2025,18,BUF,NYJ,2026-01-04,15.855273194995927,47.26846998997833,0.8820427334533707,12.5,41.053693997995666,0.8583757598054284,12.5,39.5,0.8524590163934427,27.0,43.0,1.0,11.144726805004073,4.268469989978328,0.013913916731152552,1.0,14.5,1.9463060020043343,0.020057425410689726,1.0,14.5,3.5,0.021768341843590416
2025,18,CHI,DET,2026-01-04,4.86465931009969,48.87167957831987,0.6419430773433636,3.5,50.97433591566398,0.6215393004001796,3.5,51.5,0.6164383561643836,-3.0,35.0,0.0,7.86465931009969,13.87167957831987,0.41209091454906777,0.0,6.5,15.974335915663978,0.3863111019419447,0.0,6.5,16.5,0.37999624695064743
2025,18,DEN,LAC,2026-01-04,3.889182916031822,44.10919803928138,0.614373273766996,14.5,38.821839607856276,0.8460384965613088,14.5,37.5,0.9039548022598869,16.0,22.0,1.0,12.110817083968179,22.10919803928138,0.1487079719851842,1.0,1.5,16.821839607856276,0.02370414454110212,1.0,1.5,15.5,0.009224680008937428
2025,18,LA,ARI,2026-01-04,10.17260214395043,49.98634308226549,0.7765079171841378,14.5,49.5972686164531,0.8700074657897688,14.5,49.5,0.8933823529411765,17.0,57.0,1.0,6.82739785604957,7.013656917734508,0.04994871108137221,1.0,2.5,7.4027313835469,0.01689805895039812,1.0,2.5,7.5,0.011367322664359851
2025,18,LV,KC,2026-01-04,-5.168474157863153,43.12717988557545,0.34961167150180933,-3.5,37.82543597711509,0.3390038349471924,-3.5,36.5,0.33635187580853815,2.0,26.0,0.0,7.168474157863153,17.12717988557545,0.4230049778466703,0.0,5.5,11.825435977115092,0.4369159302145184,0.0,5.5,10.5,0.4404288327428459
2025,18,NE,MIA,2026-01-04,10.105964282038922,49.61699717992006,0.7750167766983518,14.0,45.52339943598402,0.8526777739443214,14.0,44.5,0.8720930232558138,28.0,48.0,1.0,17.894035717961078,1.6169971799200624,0.050617450767199305,1.0,14.0,2.476600564015982,0.021703838290000457,1.0,14.0,3.5,0.01636019469983778
2025,18,PHI,WAS,2026-01-04,12.985099617788737,47.50813489816475,0.834151307492814,3.0,40.30162697963295,0.6599809464300697,3.0,38.5,0.6164383561643836,-7.0,41.0,0.0,19.985099617788737,6.508134898164748,0.6958084037919711,0.0,10.0,0.6983730203670504,0.43557484965073046,0.0,10.0,2.5,0.37999624695064743
2025,18,PIT,BAL,2026-01-04,-0.19056583969689966,47.284593075693785,0.4943169634525232,-4.5,42.656918615138764,0.36794489333733515,-4.5,41.5,0.33635187580853815,2.0,50.0,0.0,2.1905658396969,2.7154069243062153,0.25571533345187675,0.0,6.5,7.343081384861236,0.3994936578583526,0.0,6.5,8.5,0.4404288327428459
2025,19,CAR,LA,2026-01-10,-7.269677683821528,48.538099593302945,0.29341190649879617,-10.0,45.30761991866059,0.20918889360077225,-10.0,44.5,0.18813314037626627,-3.0,65.0,1.0,4.269677683821528,16.461900406697055,0.0860905468752583,1.0,7.0,19.692380081339408,0.04375999320591521,1.0,7.0,20.5,0.03539407850783591
2025,19,CHI,GB,2026-01-10,3.3596109783961894,49.88138721349769,0.5991499975527241,-2.5,46.37627744269954,0.47867710773730565,-2.5,45.5,0.448558885283451,4.0,58.0,1.0,0.6403890216038106,8.118612786502311,0.16068072446198106,0.0,6.5,11.62372255730046,0.2717775579971408,0.0,6.5,12.5,0.30408730299983017
2025,19,JAX,BUF,2026-01-11,2.9437186162294195,45.875501411589205,0.5870868406640926,1.5,50.375100282317845,0.5382866363421943,1.5,51.5,0.5260865852617197,-3.0,51.0,0.0,5.94371861622942,5.124498588410795,0.3446709584809456,0.0,4.5,0.6248997176821547,0.28975250286459375,0.0,4.5,0.5,0.27676709519233667
2025,19,PHI,SF,2026-01-11,4.5407172478741575,47.285472622657885,0.6328612848573958,6.0,45.05709452453158,0.6831882186301581,6.0,44.5,0.6957699520733487,-4.0,42.0,0.0,8.540717247874158,5.285472622657885,0.40051340587135387,0.0,10.0,3.0570945245315784,0.4667461420750487,0.0,10.0,2.5,0.48409582620814995
2025,19,NE,LAC,2026-01-11,9.336539155112677,45.04603973643774,0.7573965876825923,3.5,45.40920794728755,0.6610026628918163,3.5,45.5,0.6369041816941223,13.0,19.0,1.0,3.6634608448873234,26.04603973643774,0.05885641566805011,1.0,9.5,26.40920794728755,0.11491919456643954,1.0,9.5,26.5,0.13183857327121493
2025,19,PIT,HOU,2026-01-12,-0.23731067594825928,43.966152656902864,0.4929230751725747,-3.0,39.59323053138057,0.4321905021972296,-3.0,38.5,0.4170073589533933,-24.0,36.0,1.0,23.762689324051742,7.966152656902864,0.24297315803758776,1.0,21.0,3.59323053138057,0.18678863018949352,1.0,21.0,2.5,0.1738951374212842
2025,20,DEN,BUF,2026-01-17,0.6413530929884699,46.45158260272044,0.5191196933182927,1.5,45.69031652054409,0.5212152430114847,1.5,45.5,0.5217391304347826,3.0,63.0,1.0,2.35864690701153,16.548417397279557,0.2312458693542929,1.0,1.5,17.309683479455913,0.22923484352455165,1.0,1.5,17.5,0.2287334593572779
2025,20,SEA,SF,2026-01-17,6.621948889592545,45.85643631859496,0.6897082448696626,6.5,44.771287263718996,0.7156050560763516,6.5,44.5,0.7220792588780237,35.0,47.0,1.0,28.378051110407455,1.1435636814050412,0.09628097330186523,1.0,28.5,2.228712736281004,0.08088048412933511,1.0,28.5,2.5,0.07723993834578856
2025,20,NE,HOU,2026-01-18,4.811634198422698,44.01634230524953,0.640461833409999,3.0,41.2032684610499,0.6212430516135067,3.0,40.5,0.6164383561643836,12.0,44.0,1.0,7.188365801577302,0.016342305249530398,0.12926769323489934,1.0,9.0,2.796731538950098,0.14345682595104878,1.0,9.0,3.5,0.14711953462188027
2025,20,CHI,LA,2026-01-18,-1.0139510787116432,50.7138575997796,0.46978995402569085,-3.5,49.74277151995592,0.3781746477649518,-3.5,49.5,0.35527082119976705,-3.0,37.0,1.0,1.9860489212883568,13.713857599779601,0.22070260090346072,1.0,0.5,12.742771519955923,0.14301606421214536,1.0,0.5,12.5,0.12621735639595685
2025,21,DEN,NE,2026-01-25,-0.6419571845208598,44.47413903185554,0.4808623116251513,-3.5,43.694827806371116,0.38038911928484387,-3.5,43.5,0.35527082119976705,-3.0,17.0,1.0,2.3580428154791404,27.474139031855543,0.23122856274148412,1.0,0.5,26.694827806371116,0.14469588207029918,1.0,0.5,26.5,0.12621735639595685
2025,21,SEA,LA,2026-01-25,6.485638007356605,44.84212237470644,0.6861028126774416,2.5,45.368424474941285,0.5880142133291391,2.5,45.5,0.5634920634920635,4.0,58.0,1.0,2.485638007356605,13.157877625293558,0.09853144420901334,1.0,1.5,12.631575525058715,0.16973228841880814,1.0,1.5,12.5,0.19053917863441674
2025,22,NE,SEA,2026-02-08,1.0892430013611971,43.13303086991356,0.532448540120922,-4.5,45.026606173982714,0.36646471042779943,-4.5,45.5,0.3249687530045188,-16.0,42.0,0.0,17.089243001361197,1.1330308699135614,0.2835014478769011,1.0,11.5,3.0266061739827137,0.1342963839889309,1.0,11.5,3.5,0.10560469042931193
